raw,calibrated
0.013346242,0.00014712196
0.010979536,-0.0022195838
0.014404736,0.0012056166
0.008292995,-0.0049061244
0.010433832,-0.0027652876
0.017777443,0.004578323
0.01873314,0.0055340203
0.013656355,0.0004572356
0.0050237854,-0.008175334
0.01602838,0.0028292602
0.01796559,0.0047664708
0.013264881,0.00006576162
0.013151461,-0.00004765857
0.015869044,0.002669924
0.014705392,0.0015062718
0.012596104,-0.00060301553
0.012784012,-0.00041510817
0.013899519,0.0007003993
0.015751518,0.0025523985
0.012865796,-0.00033332407
0.015554716,0.002355596
0.007902428,-0.0052966923
0.010948106,-0.002251014
0.012618737,-0.00058038253
0.0126528125,-0.0005463073
0.011153943,-0.002045177
0.010450099,-0.0027490212
0.011506254,-0.001692866
0.017106801,0.0039076814
0.019485924,0.0062868046
0.014934711,0.0017355913
0.011929978,-0.0012691421
0.00953287,-0.00366625
0.015299477,0.0021003569
0.013562801,0.00036368147
0.013023808,-0.00017531216
0.015085624,0.0018865038
0.013040063,-0.00015905686
0.010308416,-0.0028907042
0.015321069,0.0021219496
0.013387349,0.0001882296
0.011627886,-0.0015712334
0.01916167,0.0059625497
0.016451882,0.0032527624
0.013623492,0.00042437203
0.00858693,-0.0046121897
0.009970134,-0.0032289857
0.014757812,0.0015586922
0.010944386,-0.0022547338
0.0151272435,0.0019281236
0.009271096,-0.0039280234
0.009793234,-0.0034058858
0.013336473,0.00013735332
0.012142425,-0.0010566944
0.0052978704,-0.007901249
0.017747318,0.0045481985
0.011666852,-0.0015322678
0.016432825,0.0032337056
0.012438092,-0.00076102745
0.008535281,-0.004663839
0.0133665195,0.00016739964
0.015511598,0.0023124786
0.010961148,-0.0022379719
0.013168239,-0.000030880794
0.0026300347,-0.010569085
0.012138133,-0.0010609869
0.013287861,0.00008874107
0.0110096885,-0.0021894313
0.013119845,-0.00007927511
0.01587226,0.0026731407
0.012384241,-0.0008148784
0.011172673,-0.002026447
0.015476842,0.0022777226
0.0099745765,-0.0032245433
0.011865786,-0.0013333336
0.0143576395,0.0011585196
0.010747222,-0.0024518976
0.009247609,-0.0039515104
0.011921901,-0.0012772186
0.014765316,0.0015661959
0.01683207,0.0036329506
0.014327467,0.0011283476
0.011001676,-0.0021974435
0.0047846637,-0.008414457
0.018825855,0.0056267353
0.015681423,0.0024823034
0.0151607925,0.0019616727
0.0095801465,-0.0036189733
0.0073852357,-0.005813884
0.01312955,-0.000069569796
0.009942901,-0.0032562185
0.016665434,0.0034663146
0.011922683,-0.0012764372
0.0128185535,-0.00038056634
0.014965926,0.0017668065
0.016533127,0.0033340072
0.017232385,0.0040332647
0.012497497,-0.00070162304
0.015550648,0.002351528
0.016812293,0.003613173
0.009005923,-0.004193197
0.0123896375,-0.0008094823
0.00927444,-0.00392468
0.011145333,-0.002053787
0.012946823,-0.00025229715
0.010651666,-0.002547454
0.009275215,-0.003923905
0.014989657,0.0017905375
0.010317268,-0.002881852
0.014528174,0.0013290541
0.015484272,0.0022851517
0.012861599,-0.0003375206
0.008142546,-0.005056574
0.008070821,-0.005128299
0.014586238,0.0013871184
0.014973502,0.0017743818
0.014092515,0.0008933954
0.017232692,0.004033572
0.014087795,0.00088867545
0.013575065,0.00037594512
0.012850491,-0.0003486285
0.011187664,-0.0020114556
0.014091697,0.00089257676
0.014686902,0.0014877822
0.010889882,-0.0023092376
0.015446757,0.0022476371
0.014354672,0.0011555525
0.008160638,-0.005038482
0.017150616,0.0039514964
0.009259263,-0.003939857
0.013368302,0.0001691822
0.014791062,0.0015919423
0.008581591,-0.004617529
0.01192748,-0.00127164
0.015099391,0.0019002715
0.0109741,-0.00222502
0.010768314,-0.002430806
0.015240977,0.0020418568
0.009878165,-0.0033209547
0.015964137,0.0027650176
0.010960489,-0.0022386312
0.0064354423,-0.0067636776
0.010901631,-0.002297489
0.020160794,0.0069616744
0.012931796,-0.00026732404
0.017425194,0.0042260746
0.0150670605,0.0018679406
0.0132760415,0.00007692166
0.017552393,0.0043532727
0.018093325,0.0048942054
0.007374669,-0.005824451
0.013384336,0.00018521585
0.009295329,-0.0039037904
0.015958041,0.0027589211
0.013629826,0.00043070596
0.009706649,-0.0034924708
0.015726198,0.0025270777
0.008854994,-0.004344126
0.010274181,-0.0029249387
0.013763176,0.00056405645
0.009944066,-0.0032550534
0.013165316,-0.000033804215
0.012434243,-0.0007648766
0.012886948,-0.00031217188
0.015219238,0.0020201178
0.013970266,0.00077114627
0.015971685,0.002772565
0.011255646,-0.0019434737
0.012839966,-0.00035915338
0.014809996,0.0016108761
0.009552204,-0.0036469158
0.0137896715,0.00059055164
0.018383842,0.005184722
0.013455809,0.00025668927
0.012178665,-0.0010204548
0.012628891,-0.00057022925
0.010498278,-0.002700842
0.01719581,0.00399669
0.015039685,0.0018405654
0.0133019835,0.00010286365
0.012713243,-0.00048587658
0.012364031,-0.000835089
0.015304675,0.0021055555
0.012912775,-0.00028634444
0.015036863,0.0018377434
0.010951923,-0.0022471966
0.011686219,-0.0015129009
0.01030244,-0.0028966796
0.007899103,-0.005300017
0.017314402,0.0041152826
0.014292422,0.0010933019
0.014320307,0.0011211876
0.01040234,-0.0027967794
0.0126609905,-0.00053812936
0.015272743,0.0020736232
0.00951525,-0.0036838697
0.00832648,-0.0048726397
0.008824378,-0.0043747416
0.018452903,0.0052537834
0.009137533,-0.004061587
0.010942653,-0.002256467
0.009758139,-0.0034409808
0.011675813,-0.0015233066
0.017384166,0.004185046
0.009288983,-0.0039101364
0.01531975,0.00212063
0.013354976,0.0001558559
0.009805252,-0.003393868
0.0142325675,0.0010334477
0.014033802,0.000834682
0.018358367,0.0051592467
0.017576622,0.004377502
0.0066494104,-0.0065497095
0.0123854745,-0.0008136453
0.010428837,-0.0027702833
0.012272157,-0.00092696305
0.013052584,-0.00014653616
0.010470965,-0.0027281549
0.008943717,-0.004255403
0.01156315,-0.0016359696
0.014487106,0.0012879865
0.008136118,-0.005063002
0.014748195,0.0015490754
0.012879558,-0.00031956192
0.0165221,0.0033229804
0.011677414,-0.0015217056
0.01098646,-0.0022126595
0.013025315,-0.00017380528
0.008089815,-0.0051093046
0.010981368,-0.002217752
0.013569981,0.00037086103
0.014240944,0.001041824
0.01597437,0.002775251
0.009326373,-0.0038727466
0.013102466,-0.00009665359
0.0098169595,-0.0033821603
0.0066414624,-0.0065576574
0.017686542,0.0044874223
0.014878608,0.0016794885
0.014413334,0.0012142146
0.011502206,-0.0016969135
0.013183277,-0.000015842728
0.013964753,0.00076563284
0.016750444,0.003551324
0.009341568,-0.003857552
0.014491795,0.0012926748
0.015235414,0.002036294
0.012274759,-0.00092436094
0.020526586,0.0073274663
0.011958962,-0.0012401575
0.014031655,0.0008325353
0.018929979,0.005730859
0.016384505,0.003185385
0.0145806745,0.0013815546
0.01093189,-0.0022672294
0.013569981,0.00037086103
0.013525216,0.00032609608
0.016690549,0.0034914287
0.008790921,-0.0044081984
0.012930856,-0.00026826374
0.011795816,-0.0014033038
0.01001723,-0.0031818897
0.010664516,-0.0025346037
0.014042014,0.0008428944
0.011615143,-0.0015839767
0.016115304,0.0029161843
0.012138048,-0.0010610716
0.014085494,0.00088637415
0.013177133,-0.000021986663
0.016040431,0.0028413115
0.014142522,0.0009434018
0.007824138,-0.005374982
0.008315641,-0.0048834784
0.013843287,0.00064416695
0.015103916,0.0019047959
0.014677053,0.0014779335
0.011728326,-0.001470794
0.014639111,0.0014399914
0.013390359,0.00019123871
0.021198597,0.007999477
0.0150236385,0.0018245187
0.016016286,0.002817166
0.01332321,0.00012409035
0.010002877,-0.0031962432
0.017260453,0.004061333
0.01636277,0.0031636497
0.01221069,-0.0009884294
0.01874149,0.0055423705
0.017143508,0.0039443886
0.013289303,0.00009018276
0.0143951345,0.0011960147
0.011643306,-0.0015558135
0.01374778,0.0005486598
0.009371399,-0.0038277209
0.010947251,-0.002251869
0.00974433,-0.0034547895
0.015013741,0.0018146215
0.0076123453,-0.0055867746
0.019718392,0.006519272
0.012145785,-0.0010533351
0.0114226155,-0.0017765043
0.013882887,0.0006837668
0.012007371,-0.0011917492
0.015115257,0.0019161375
0.011225817,-0.001973303
0.009286507,-0.003912613
0.010745274,-0.002453846
0.013337621,0.00013850164
0.013426221,0.00022710115
0.016743876,0.0035447562
0.01333324,0.00013411976
0.0155275045,0.0023283847
0.015980663,0.002781543
0.015468182,0.0022690622
0.015926009,0.0027268892
0.014385231,0.001186111
0.011201742,-0.0019973777
0.013391302,0.00019218214
0.013000687,-0.00019843318
0.012823755,-0.0003753649
0.010229283,-0.0029698368
0.016476717,0.003277597
0.017404465,0.004205345
0.012088436,-0.0011106841
0.01162248,-0.0015766397
0.01046459,-0.0027345298
0.010691172,-0.0025079474
0.0153292725,0.0021301527
0.015984047,0.0027849274
0.009860502,-0.0033386182
0.014210636,0.001011516
0.009692562,-0.003506558
0.015198919,0.0019997992
0.016884387,0.0036852667
0.01535546,0.0021563405
0.015681833,0.0024827132
0.017668609,0.0044694887
0.012777341,-0.00042177923
0.012198642,-0.0010004779
0.013070683,-0.00012843683
0.011950804,-0.0012483159
0.011026253,-0.0021728668
0.014893536,0.0016944166
0.014548233,0.001349113
0.0116891125,-0.0015100073
0.0092859315,-0.0039131884
0.016385483,0.0031863628
0.0088308975,-0.0043682223
0.013136975,-0.00006214529
0.01310857,-0.0000905497
0.016172873,0.002973753
0.016214138,0.003015018
0.01281908,-0.00038004015
0.012936733,-0.0002623871
0.013333812,0.00013469253
0.011478659,-0.0017204611
0.0155018,0.0023026802
0.01710566,0.0039065396
0.015977945,0.0027788254
0.013465452,0.00026633218
0.0064291204,-0.0067699994
0.012591182,-0.0006079376
0.017120222,0.003921102
0.0104784435,-0.0027206764
0.014759647,0.0015605269
0.0059243864,-0.0072747334
0.015325988,0.0021268679
0.0068660225,-0.0063330973
0.012109475,-0.0010896446
0.014438469,0.0012393491
0.010017855,-0.0031812647
0.014654098,0.0014549782
0.013734175,0.00053505506
0.017471833,0.0042727133
0.016158352,0.0029592318
0.014487971,0.0012888508
0.008624198,-0.004574922
0.014537519,0.001338399
0.011843306,-0.0013558138
0.012584308,-0.00061481167
0.015743181,0.0025440613
0.016408496,0.0032093758
0.017639453,0.0044403328
0.015427659,0.0022285394
0.0090267435,-0.0041723764
0.011214869,-0.0019842507
0.012790672,-0.00040844828
0.015203712,0.0020045917
0.011600419,-0.0015987009
0.011437509,-0.0017616106
0.01152208,-0.00167704
0.008294936,-0.0049041836
0.014576449,0.0013773292
0.012712348,-0.00048677158
0.014720362,0.0015212419
0.013524053,0.00032493286
0.010671101,-0.0025280192
0.012332728,-0.0008663917
0.012231006,-0.00096811354
0.012438181,-0.000760939
0.013557226,0.00035810657
0.010501971,-0.0026971493
0.016713653,0.003514533
0.011487487,-0.001711633
0.009581124,-0.0036179954
0.011643038,-0.0015560817
0.016009776,0.002810656
0.013721925,0.0005228054
0.012895275,-0.00030384492
0.014120531,0.00092141144
0.0162365,0.003037381
0.010449644,-0.0027494757
0.014385352,0.0011862321
0.007920436,-0.005278684
0.011662007,-0.0015371125
0.0088493,-0.0043498194
0.010042831,-0.0031562885
0.010192265,-0.003006855
0.013897931,0.0006988114
0.012792062,-0.0004070578
0.008107062,-0.0050920574
0.013805476,0.0006063562
0.01188538,-0.0013137395
0.015971491,0.0027723713
0.013816649,0.00061752927
0.017895954,0.004696834
0.008566432,-0.004632688
0.013274722,0.00007560197
0.006944905,-0.006254215
0.016232021,0.0030329013
0.017459065,0.004259945
0.0100144455,-0.0031846743
0.014818798,0.001619678
0.010506317,-0.0026928028
0.012434576,-0.0007645441
0.016928514,0.0037293946
0.01809547,0.0048963493
0.012239258,-0.000959862
0.009762822,-0.003436298
0.012112426,-0.0010866942
0.020140702,0.006941582
0.013342449,0.00014332961
0.008120998,-0.005078122
0.013345564,0.00014644396
0.007883279,-0.005315841
0.013840574,0.000641454
0.015380769,0.0021816492
0.0115031,-0.0016960194
0.012741963,-0.00045715645
0.013930188,0.00073106773
0.012949333,-0.00024978723
0.016181977,0.0029828576
0.016806303,0.0036071828
0.011970011,-0.0012291092
0.012093669,-0.001105451
0.011442495,-0.0017566252
0.016223526,0.0030244058
0.010457244,-0.002741876
0.018285701,0.005086581
0.012658027,-0.0005410928
0.010040581,-0.0031585386
0.015503424,0.0023043044
0.012561283,-0.00063783675
0.010666474,-0.002532646
0.011188273,-0.0020108465
0.02157219,0.00837307
0.013404519,0.00020539947
0.01688959,0.003690471
0.004070055,-0.009129064
0.010454968,-0.0027441522
0.015610904,0.0024117846
0.014296369,0.0010972489
0.015809221,0.0026101014
0.013116387,-0.00008273311
0.019070733,0.0058716135
0.018382406,0.005183286
0.014766586,0.0015674662
0.016902762,0.0037036417
0.011966713,-0.001232407
0.02182488,0.00862576
0.005932875,-0.007266245
0.008830736,-0.0043683834
0.011152824,-0.0020462954
0.0135394335,0.00034031365
0.015326999,0.0021278793
0.017874105,0.004674985
0.014712506,0.0015133861
0.0116278315,-0.0015712883
0.011140638,-0.0020584818
0.014296993,0.0010978729
0.013555292,0.0003561722
0.015270281,0.0020711608
0.010947685,-0.002251435
0.014452558,0.0012534382
0.008770206,-0.004428914
0.0064030467,-0.006796073
0.014486826,0.0012877062
0.014730619,0.0015314994
0.014607745,0.0014086254
0.012817201,-0.00038191862
0.009792497,-0.0034066224
0.008607755,-0.0045913644
0.0160205,0.0028213793
0.011986524,-0.001212596
0.009317769,-0.003881351
0.013617736,0.00041861646
0.016325438,0.0031263186
0.008716851,-0.0044822693
0.015610904,0.0024117846
0.015590801,0.002391681
0.010674107,-0.002525013
0.014670137,0.0014710175
0.01095555,-0.00224357
0.014014781,0.0008156616
0.009808616,-0.003390504
0.012718947,-0.00048017316
0.01361142,0.00041230023
0.011128021,-0.0020710984
0.0081635,-0.00503562
0.0097559225,-0.0034431973
0.012581114,-0.0006180061
0.0069387765,-0.0062603434
0.012782981,-0.00041613914
0.014921142,0.001722022
0.01099491,-0.0022042096
0.009750315,-0.0034488048
0.021318495,0.008119375
0.014723502,0.0015243823
0.014843063,0.0016439436
0.016193217,0.0029940968
0.012343444,-0.0008556759
0.009014929,-0.004184191
0.0128879575,-0.00031116232
0.012613912,-0.0005852077
0.015932823,0.0027337028
0.01285805,-0.00034106988
0.014663016,0.0014638966
0.008297575,-0.004901545
0.013371244,0.00017212424
0.013186982,-0.000012137927
0.013813569,0.0006144494
0.01400458,0.0008054599
0.013839139,0.00064001884
0.013184538,-0.000014581718
0.016563773,0.0033646533
0.010106358,-0.003092762
0.012895024,-0.00030409545
0.012780564,-0.00041855592
0.011369332,-0.0018297881
0.012061335,-0.0011377847
0.01115107,-0.00204805
0.015436888,0.002237768
0.009720177,-0.0034789424
0.014800873,0.0016017528
0.012674366,-0.0005247537
0.018102989,0.004903869
0.0165183,0.0033191806
0.011899943,-0.0012991764
0.0133307455,0.00013162568
0.015790312,0.0025911918
0.012868527,-0.0003305925
0.003083812,-0.010115308
0.016985828,0.0037867082
0.016611483,0.0034123631
0.013110067,-0.000089053065
0.015101367,0.0019022468
0.012900758,-0.00029836223
0.020485867,0.007286747
0.010940446,-0.0022586742
0.014903967,0.0017048474
0.018687634,0.005488514
0.008629663,-0.004569457
0.0152347395,0.0020356197
0.008125351,-0.005073769
0.0126021365,-0.00059698336
0.010200618,-0.002998502
0.01385254,0.0006534206
0.01098352,-0.0022155996
0.0145236775,0.0013245577
0.016108435,0.0029093148
0.008747587,-0.004451533
0.0131106535,-0.00008846633
0.009781587,-0.003417533
0.012221385,-0.000977735
0.015173104,0.0019739838
0.01080306,-0.0023960602
0.011418424,-0.0017806962
0.014582944,0.0013838243
0.016073987,0.002874867
0.013891903,0.0006927829
0.012861019,-0.00033810083
0.014459455,0.0012603356
0.011482144,-0.001716976
0.017171558,0.003972438
0.018504497,0.005305377
0.014606569,0.0014074491
0.009311979,-0.0038871411
0.018524779,0.005325659
0.015445274,0.0022461545
0.016697789,0.0034986688
0.012815099,-0.00038402062
0.010721568,-0.0024775518
0.00905841,-0.0041407095
0.008881955,-0.0043171644
0.016932243,0.0037331237
0.01316096,-0.00003816001
0.014603887,0.0014047669
0.008345922,-0.0048531974
0.012942019,-0.0002571009
0.010661282,-0.0025378382
0.015189061,0.001989941
0.015661402,0.0024622818
0.015317923,0.0021188036
0.015422516,0.0022233957
0.014180092,0.0009809723
0.012796466,-0.0004026536
0.013340055,0.00014093518
0.010743155,-0.0024559647
0.018198725,0.004999605
0.015935402,0.0027362825
0.010694963,-0.002504157
0.011049837,-0.002149283
0.018768255,0.005569135
0.011644975,-0.0015541445
0.008856011,-0.004343109
0.016904261,0.0037051411
0.008852425,-0.004346695
0.01574882,0.0025496995
0.012508638,-0.0006904816
0.011670027,-0.0015290929
0.009983858,-0.0032152617
0.0092650205,-0.0039340993
0.011429116,-0.0017700037
0.009737459,-0.0034616608
0.014014498,0.0008153785
0.020732233,0.0075331135
0.010028498,-0.0031706216
0.0085617015,-0.0046374183
0.010459201,-0.0027399184
0.014579268,0.0013801483
0.01653123,0.003332111
0.014323835,0.0011247154
0.0102531,-0.00294602
0.014337985,0.001138865
0.015775427,0.0025763074
0.010282859,-0.0029162606
0.014810889,0.0016117692
0.012950813,-0.00024830643
0.008828588,-0.004370532
0.015270562,0.002071442
0.00802549,-0.00517363
0.008061412,-0.005137708
0.015990863,0.0027917428
0.013308918,0.000109798275
0.015567303,0.0023681829
0.014684217,0.0014850972
0.011692739,-0.0015063807
0.011610845,-0.0015882747
0.01789354,0.00469442
0.011945047,-0.0012540724
0.01146978,-0.0017293403
0.013025035,-0.00017408468
0.014206747,0.0010076268
0.012894794,-0.00030432548
0.017882627,0.0046835067
0.008808588,-0.004390532
0.0033661847,-0.009832935
0.013829425,0.00063030515
0.012175882,-0.0010232376
0.012903117,-0.00029600319
0.011476404,-0.0017227158
0.01376707,0.0005679503
0.013796292,0.0005971724
0.009035468,-0.0041636517
0.01819039,0.0049912697
0.009942951,-0.0032561691
0.013099389,-0.00009973068
0.009592611,-0.0036065085
0.013357491,0.0001583714
0.014907398,0.0017082784
0.013064937,-0.0001341831
0.013150078,-0.000049041584
0.013244651,0.00004553143
0.010496343,-0.0027027773
0.012233222,-0.0009658979
0.014457748,0.0012586284
0.017861666,0.0046625463
0.017202824,0.0040037045
0.009741766,-0.0034573535
0.012146885,-0.0010522353
0.013865074,0.0006659543
0.015475471,0.0022763507
0.018111695,0.004912575
0.021208502,0.0080093825
0.011476266,-0.0017228536
0.013411341,0.0002122214
0.012769502,-0.00042961817
0.012166732,-0.0010323878
0.006960074,-0.006239046
0.019761372,0.0065622525
0.016483026,0.0032839058
0.013382749,0.00018362887
0.01453529,0.0013361704
0.013647786,0.0004486665
0.014993045,0.0017939247
0.012604473,-0.00059464667
0.017634071,0.0044349516
0.016459059,0.0032599391
0.0140514895,0.0008523697
0.015663082,0.002463962
0.016374754,0.003175634
0.011637,-0.0015621195
0.014979027,0.0017799074
0.016644657,0.0034455368
0.013877837,0.00067871716
0.013698534,0.0004994143
0.014532907,0.0013337871
0.009783602,-0.0034155175
0.014535044,0.0013359245
0.009115394,-0.0040837256
0.015304625,0.0021055052
0.013981936,0.00078281574
0.01780264,0.004603521
0.008231362,-0.0049677575
0.016428914,0.003229794
0.016591469,0.003392349
0.015516735,0.0023176149
0.01098352,-0.0022155996
0.011350842,-0.0018482776
0.009983506,-0.0032156138
0.013455551,0.0002564313
0.015539118,0.0023399983
0.008090516,-0.005108604
0.009490823,-0.0037082965
0.0138703585,0.00067123864
0.013799383,0.0006002635
0.015867542,0.0026684226
0.007848257,-0.0053508626
0.011520579,-0.0016785404
0.012153809,-0.0010453109
0.014455406,0.0012562862
0.011502705,-0.0016964152
0.009313012,-0.0038861083
0.015223683,0.002024563
0.013272567,0.00007344689
0.015092849,0.001893729
0.020099454,0.006900334
0.011467474,-0.0017316462
0.010930013,-0.002269107
0.009984247,-0.0032148724
0.014540065,0.0013409453
0.012328571,-0.0008705491
0.014319089,0.0011199694
0.014516567,0.001317447
0.016228458,0.003029338
0.008841745,-0.004357375
0.018903663,0.0057045436
0.016523251,0.0033241315
0.009054736,-0.0041443836
0.013391967,0.0001928471
0.013786931,0.00058781076
0.011198378,-0.0020007417
0.008061087,-0.005138033
0.00859003,-0.0046090903
0.010901524,-0.002297596
0.016275566,0.0030764462
0.0130936,-0.00010551978
0.01223281,-0.00096630957
0.011899571,-0.0012995489
0.011887561,-0.0013115592
0.010437473,-0.002761647
0.012595692,-0.0006034281
0.013391194,0.0001920741
0.016717875,0.0035187555
0.010692153,-0.0025069667
0.010939288,-0.0022598319
0.014622134,0.0014230143
0.014401432,0.0012023123
0.005214956,-0.007984163
0.014669926,0.0014708061
0.010950378,-0.0022487417
0.016443295,0.0032441756
0.014914654,0.0017155344
0.012406252,-0.0007928675
0.011304147,-0.0018949732
0.012250497,-0.0009486228
0.014412616,0.0012134966
0.014221298,0.0010221777
0.008780686,-0.0044184336
0.013981521,0.0007824013
0.012755219,-0.00044390094
0.012927884,-0.0002712356
0.008325111,-0.0048740087
0.007405986,-0.0057931338
0.008137909,-0.005061211
0.0075936597,-0.00560546
0.012117551,-0.0010815691
0.011297901,-0.0019012187
0.016731119,0.003531999
0.016322643,0.0031235227
0.011673877,-0.0015252428
0.010981607,-0.0022175126
0.017832495,0.0046333754
0.0132701835,0.00007106364
0.01074005,-0.0024590697
0.008807318,-0.0043918015
0.016567629,0.003368509
0.011706785,-0.0014923345
0.0076561114,-0.0055430084
0.0124258185,-0.00077330135
0.012306889,-0.00089223124
0.011420817,-0.0017783027
0.01219869,-0.0010004295
0.012782147,-0.00041697267
0.016965473,0.0037663532
0.01595628,0.002757161
0.012069889,-0.0011292305
0.012850746,-0.00034837425
0.015293095,0.0020939754
0.01071806,-0.00248106
0.012168304,-0.0010308158
0.016838914,0.003639794
0.01955615,0.00635703
0.01381325,0.00061412994
0.012137781,-0.0010613389
0.018063232,0.0048641125
0.014457203,0.0012580836
0.010295399,-0.0029037204
0.012401959,-0.0007971609
0.012438046,-0.000761074
0.011885621,-0.0013134992
0.013786817,0.00058769714
0.018876094,0.0056769745
0.00889457,-0.0043045497
0.012416014,-0.0007831054
0.012384953,-0.00081416685
0.016970031,0.0037709111
0.01303826,-0.0001608599
0.011464643,-0.0017344765
0.01401093,0.0008118106
0.015106216,0.0019070962
0.0139123965,0.0007132767
0.009530106,-0.0036690142
0.008339822,-0.0048592975
0.017285036,0.004085916
0.00828008,-0.00491904
0.010419062,-0.0027800575
0.0126461275,-0.00055299234
0.009936279,-0.0032628411
0.00812426,-0.0050748596
0.013126537,-0.000072582625
0.006418474,-0.006780646
0.011393254,-0.0018058661
0.016694915,0.0034957947
0.016395932,0.0031968122
0.01284232,-0.00035679992
0.008115249,-0.005083871
0.010038898,-0.0031602215
0.011631685,-0.0015674345
0.015510017,0.0023108972
0.019979624,0.0067805042
0.016087128,0.002888008
0.0087622255,-0.0044368943
0.011820354,-0.0013787663
0.015447692,0.0022485722
0.016210616,0.0030114958
0.009537271,-0.0036618486
0.014989288,0.0017901678
0.016909178,0.0037100585
0.015491422,0.0022923024
0.016981281,0.0037821615
0.007839067,-0.005360053
0.015273551,0.0020744316
0.009097937,-0.0041011833
0.013425038,0.00022591837
0.008840403,-0.0043587172
0.017583806,0.0043846862
0.016986497,0.003787377
0.014777832,0.0015787119
0.009738295,-0.0034608245
0.01239265,-0.00080646947
0.017109873,0.003910753
0.018389465,0.0051903455
0.011426204,-0.001772916
0.008860614,-0.0043385057
0.014081497,0.0008823769
0.015014285,0.0018151654
0.017596254,0.0043971343
0.011002425,-0.0021966947
0.011920089,-0.0012790309
0.010764929,-0.0024341913
0.014493945,0.0012948252
0.010207909,-0.0029912107
0.01165347,-0.00154565
0.011682356,-0.001516764
0.0112237455,-0.0019753743
0.014680593,0.0014814734
0.015594812,0.0023956923
0.0135820955,0.00038297568
0.019596696,0.006397576
0.014775532,0.0015764125
0.021872615,0.008673496
0.011958065,-0.0012410544
0.009279511,-0.003919609
0.012443657,-0.0007554628
0.012592889,-0.00060623046
0.012818467,-0.00038065296
0.0141876945,0.0009885747
0.011390761,-0.0018083593
0.010055952,-0.003143168
0.010195296,-0.0030038236
0.015971558,0.0027724383
0.009988647,-0.0032104729
0.018212032,0.0050129117
0.015729208,0.0025300877
0.014579396,0.0013802759
0.016989958,0.0037908377
0.0117452415,-0.0014538784
0.017268818,0.004069698
0.010893667,-0.0023054527
0.012872365,-0.00032675453
0.012827892,-0.00037122797
0.014358838,0.0011597183
0.012414429,-0.0007846905
0.015487097,0.0022879774
0.010048209,-0.003150911
0.018456982,0.0052578626
0.010936993,-0.0022621267
0.014209715,0.0010105949
0.015991157,0.002792037
0.017044306,0.003845186
0.018890742,0.0056916224
0.0050239447,-0.008175176
0.01605233,0.00285321
0.013728573,0.00052945316
0.0097518675,-0.0034472523
0.012422248,-0.00077687204
0.010550479,-0.0026486404
0.008887998,-0.004311122
0.016866878,0.0036677578
0.0129935555,-0.00020556431
0.011140727,-0.0020583924
0.014360822,0.001161702
0.014596642,0.0013975222
0.009505599,-0.003693521
0.015835874,0.002636754
0.011585019,-0.0016141012
0.014594204,0.001395084
0.015472681,0.0022735614
0.0123323295,-0.0008667903
0.010939288,-0.0022598319
0.010757093,-0.0024420265
0.013860334,0.0006612139
0.016136825,0.0029377053
0.016213628,0.0030145077
0.018384397,0.005185277
0.013422884,0.00022376422
0.016249344,0.003050224
0.013371732,0.00017261226
0.010297464,-0.0029016556
0.014575977,0.001376857
0.010411865,-0.0027872548
0.012419396,-0.00077972375
0.012364169,-0.0008349512
0.019154685,0.005955565
0.010953074,-0.0022460455
0.009239569,-0.0039595505
0.015813205,0.0026140856
0.014592881,0.0013937615
0.0109401345,-0.0022589853
0.0118487235,-0.0013503963
0.013375754,0.00017663371
0.008156865,-0.005042255
0.012839108,-0.00036001205
0.013604923,0.00040580332
0.013628125,0.00042900536
0.011021204,-0.0021779155
0.0148470625,0.0016479427
0.020313056,0.0071139364
0.010058503,-0.0031406172
0.016070513,0.0028713932
0.01384362,0.00064450037
0.01689901,0.0036998903
0.011578993,-0.0016201269
0.016694391,0.0034952713
0.011153622,-0.0020454982
0.015695274,0.002496154
0.010081691,-0.003117429
0.01367107,0.0004719505
0.012401959,-0.0007971609
0.013604329,0.00040520914
0.0040653013,-0.009133819
0.015981989,0.0027828692
0.012157306,-0.0010418138
0.015270134,0.0020710146
0.012415887,-0.000783233
0.013418159,0.00021903962
0.0153043,0.0021051802
0.017352082,0.004152962
0.013044859,-0.00015426055
0.012272598,-0.0009265216
0.014008181,0.00080906134
0.017142452,0.0039433325
0.01898297,0.0057838494
0.009764769,-0.0034343507
0.010627333,-0.0025717868
0.012890091,-0.00030902866
0.009590794,-0.0036083255
0.016356379,0.003157259
0.017333912,0.004134792
0.012353834,-0.00084528606
0.009823447,-0.0033756727
0.014829921,0.0016308008
0.015738498,0.0025393786
0.014018537,0.0008194167
0.014419576,0.0012204563
0.011464092,-0.0017350279
0.005496393,-0.007702727
0.0068471795,-0.0063519403
0.011949115,-0.0012500044
0.012419884,-0.00077923574
0.0085233,-0.0046758195
0.010558302,-0.0026408182
0.01286573,-0.0003333902
0.0151744345,0.0019753147
0.028316844,0.015117724
0.021385103,0.008185984
0.018471979,0.005272859
0.01553273,0.0023336103
0.0047656223,-0.0084334975
0.007449164,-0.005749956
0.016094364,0.0028952444
0.009435064,-0.0037640557
0.007625132,-0.005573988
0.009008728,-0.004190392
-0.0154665345,-0.028665654
-0.0011797986,-0.014378918
-0.017538633,-0.030737754
0.013786467,0.00058734696
0.03448473,0.021285608
0.035195794,0.021996673
0.03125762,0.018058497
0.011059288,-0.002139832
0.016138209,0.0029390892
0.020191494,0.0069923745
0.013501874,0.00030275434
0.017641144,0.004442024
0.031662375,0.018463254
0.0072829905,-0.0059161293
0.012521165,-0.0006779544
0.013558113,0.0003589932
0.020672072,0.007472952
0.024013545,0.010814426
0.023183774,0.009984654
0.030806584,0.017607465
0.027029423,0.013830303
0.013915748,0.0007166285
0.023580413,0.0103812935
0.030827085,0.017627966
0.04280237,0.02960325
0.08293523,0.06973611
0.06375853,0.05055941
0.05510987,0.04191075
0.040949415,0.027750295
0.047109924,0.033910803
0.07241995,0.059220828
0.083531454,0.07033233
0.09209908,0.07889996
0.06853556,0.055336438
0.069502026,0.056302905
0.070976794,0.057777673
0.08144828,0.06824916
0.07216363,0.058964506
0.08391251,0.070713386
0.10155826,0.08835914
0.12423019,0.11103107
0.13625136,0.12305224
0.13164414,0.118445024
0.14647359,0.13327447
0.14208794,0.12888882
0.15969478,0.14649566
0.1538499,0.14065078
0.1744689,0.16126978
0.17761096,0.16441184
0.17759092,0.1643918
0.16955943,0.15636031
0.16267224,0.14947312
0.17018394,0.15698482
0.1739061,0.16070698
0.19477054,0.18157142
0.20346798,0.19026886
0.20660308,0.19340396
0.21687737,0.20367825
0.22130832,0.2081092
0.22891112,0.215712
0.22520904,0.21200992
0.22940142,0.2162023
0.22003213,0.206833
0.22789791,0.21469879
0.22055101,0.2073519
0.24509506,0.23189594
0.276182,0.26298288
0.28956306,0.27636394
0.31468785,0.30148873
0.33053863,0.3173395
0.29735407,0.28415495
0.28666472,0.2734656
0.329859,0.31665987
0.35104012,0.337841
0.37403342,0.3608343
0.36416695,0.35096782
0.3543308,0.3411317
0.3581382,0.34493908
0.38174462,0.3685455
0.4025931,0.389394
0.41217434,0.39897522
0.40448925,0.39129013
0.4022164,0.38901728
0.4215694,0.4083703
0.42396742,0.4107683
0.42197224,0.40877312
0.44260037,0.42940125
0.4393729,0.42617378
0.4707654,0.4575663
0.4601562,0.44695708
0.47264093,0.4594418
0.49347273,0.4802736
0.49066016,0.47746104
0.49883857,0.48563945
0.4947611,0.481562
0.51046234,0.49726322
0.5183071,0.505108
0.55592567,0.5427266
0.53679174,0.52359265
0.5337141,0.520515
0.5472862,0.5340871
0.55319035,0.53999126
0.5662307,0.5530316
0.58500385,0.57180476
0.56191,0.5487109
0.5783151,0.565116
0.60262746,0.58942837
0.61783063,0.60463154
0.63297874,0.61977965
0.63743615,0.62423706
0.6492497,0.6360506
0.6655602,0.6523611
0.683773,0.6705739
0.6930638,0.6798647
0.658134,0.6449349
0.672315,0.6591159
0.6693213,0.6561222
0.69275147,0.6795524
0.7065072,0.6933081
0.7013058,0.6881067
0.68789804,0.67469895
0.68973327,0.6765342
0.6999396,0.6867405
0.70152104,0.68832195
0.7128826,0.6996835
0.74568963,0.73249054
0.736354,0.7231549
0.7353273,0.7221282
0.7426461,0.729447
0.7678684,0.7546693
0.751313,0.7381139
0.7579784,0.7447793
0.7859287,0.77272964
0.8107855,0.7975864
0.8118061,0.798607
0.79625046,0.7830514
0.81439483,0.80119574
0.8139844,0.8007853
0.81548625,0.80228716
0.81362337,0.8004243
0.80428153,0.79108244
0.82612586,0.81292677
0.83512217,0.8219231
0.83526397,0.8220649
0.8511834,0.8379843
0.8596418,0.8464427
0.8634641,0.850265
0.89093864,0.87773955
0.8747902,0.8615911
0.883777,0.87057793
0.8631738,0.8499747
0.9056577,0.8924586
0.8971022,0.8839031
0.9118873,0.8986882
0.9013923,0.8881932
0.9038058,0.8906067
0.93747985,0.92428076
0.96063226,0.9474332
0.92902756,0.91582847
0.9180927,0.90489364
0.9303661,0.917167
0.9263493,0.9131502
0.9455268,0.9323277
0.9535469,0.9403478
0.95962346,0.94642437
0.9838032,0.9706041
0.9926833,0.9794842
0.99737173,0.98417264
0.9917981,0.978599
1.0119786,0.99877954
1.0201917,1.0069926
1.0242857,1.0110866
1.0251826,1.0119835
1.0147419,1.0015428
1.0461384,1.0329393
1.0454662,1.0322671
1.0563196,1.0431205
1.0613502,1.0481511
1.0544003,1.0412012
1.042889,1.0296899
1.06218,1.048981
1.0773317,1.0641326
1.075936,1.0627369
1.0877687,1.0745696
1.1013404,1.0881413
1.0967025,1.0835034
1.1050333,1.0918342
1.101682,1.0884829
1.0975187,1.0843196
1.0997882,1.0865891
1.1061499,1.0929508
1.0963835,1.0831844
1.1003175,1.0871184
1.1137482,1.1005491
1.1139522,1.1007531
1.115979,1.1027799
1.1137089,1.1005098
1.1413181,1.128119
1.1466402,1.1334411
1.1454298,1.1322308
1.1415665,1.1283674
1.1442875,1.1310884
1.1500645,1.1368654
1.1363271,1.123128
1.1374911,1.124292
1.1483933,1.1351942
1.1440692,1.1308701
1.1604172,1.1472181
1.0978277,1.0846286
1.2169834,1.2037843
1.1813446,1.1681455
1.1849818,1.1717827
1.1990426,1.1858435
1.2124451,1.199246
1.1902776,1.1770785
1.1809449,1.1677458
1.1527956,1.1395965
1.165239,1.1520399
1.1683298,1.1551307
1.1662239,1.1530248
1.1737355,1.1605364
1.2176654,1.2044663
1.1383417,1.1251426
1.1675681,1.154369
1.1699588,1.1567597
1.1539614,1.1407623
1.147478,1.1342789
1.1303427,1.1171436
1.1152802,1.1020811
1.1185716,1.1053725
1.1030627,1.0898637
1.09991,1.0867109
1.0658888,1.0526897
1.0556943,1.0424953
1.0506158,1.0374167
1.0370096,1.0238105
1.0186349,1.0054358
1.0185642,1.0053651
1.0063248,0.9931257
0.9772319,0.9640328
0.96728855,0.95408946
0.9645049,0.9513058
0.95375156,0.9405525
0.94818896,0.93498987
0.93129945,0.91810036
0.91397834,0.90077925
0.891955,0.8787559
0.9016042,0.8884051
0.88843083,0.87523174
0.8883759,0.8751768
0.8449231,0.831724
0.8539252,0.84072614
0.843889,0.8306899
0.82815146,0.8149524
0.8104602,0.7972611
0.77219343,0.75899434
0.7608034,0.7476043
0.7501557,0.7369566
0.74544764,0.73224854
0.7490375,0.7358384
0.75126696,0.73806787
0.7297611,0.71656203
0.7168888,0.7036897
0.6992113,0.6860122
0.6904903,0.6772912
0.6891279,0.67592883
0.67934155,0.66614246
0.6455506,0.6323515
0.6509686,0.6377695
0.63992554,0.62672645
0.62192214,0.60872304
0.61680573,0.60360664
0.60771704,0.59451795
0.5892794,0.5760803
0.583794,0.5705949
0.5911187,0.5779196
0.5713419,0.5581428
0.54711753,0.53391844
0.54154676,0.5283477
0.5467608,0.5335617
0.53759027,0.5243912
0.53410155,0.52090245
0.5315034,0.5183043
0.51900476,0.5058057
0.5009337,0.4877346
0.49073073,0.4775316
0.5033665,0.49016735
0.4968345,0.48363537
0.48923546,0.47603634
0.46337256,0.45017344
0.44921324,0.43601412
0.43474716,0.42154804
0.4436679,0.43046877
0.4311629,0.41796377
0.41783834,0.4046392
0.40386236,0.39066324
0.41663605,0.40343693
0.4008136,0.3876145
0.3816985,0.36849937
0.36531305,0.35211393
0.3582727,0.34507358
0.35045433,0.3372552
0.34476086,0.33156174
0.34810838,0.33490926
0.3534149,0.34021577
0.34852913,0.33533
0.34213936,0.32894024
0.321337,0.3081379
0.31895575,0.30575663
0.30754977,0.29435065
0.31265107,0.29945195
0.30479643,0.2915973
0.31373996,0.30054083
0.2913934,0.27819428
0.28649372,0.2732946
0.2751652,0.26196608
0.2724404,0.25924128
0.26174948,0.24855036
0.24115843,0.2279593
0.23250258,0.21930346
0.22710183,0.21390271
0.22494678,0.21174766
0.20219967,0.18900055
0.20325594,0.19005682
0.18777843,0.1745793
0.1894537,0.17625459
0.18818432,0.1749852
0.17417523,0.16097611
0.16142482,0.1482257
0.14687608,0.13367696
0.14392294,0.13072382
0.12614594,0.11294682
0.12623529,0.11303617
0.10541345,0.09221433
0.10366487,0.09046575
0.098685384,0.08548626
0.09740503,0.08420591
0.06282898,0.04962986
0.048226587,0.035027467
0.050847627,0.037648506
0.033044763,0.019845642
0.03499628,0.021797158
0.042794127,0.029595006
0.03811881,0.024919689
0.016409844,0.0032107243
0.0004792795,-0.012719841
-0.012199138,-0.025398258
-0.016153388,-0.029352508
-0.03722538,-0.0504245
-0.036986306,-0.050185427
-0.050923243,-0.064122364
-0.062959775,-0.076158896
-0.065931834,-0.079130955
-0.05691444,-0.07011356
-0.05713486,-0.07033398
-0.06193744,-0.07513656
-0.06899057,-0.082189694
-0.08894893,-0.10214805
-0.09329695,-0.10649607
-0.103599496,-0.11679862
-0.119759016,-0.13295813
-0.11390447,-0.12710358
-0.11136512,-0.12456424
-0.112311356,-0.12551047
-0.10119367,-0.11439279
-0.10161504,-0.11481416
-0.09985907,-0.11305819
-0.12592703,-0.13912615
-0.1327189,-0.14591803
-0.15126476,-0.16446388
-0.14788587,-0.161085
-0.14827196,-0.16147108
-0.15230963,-0.16550875
-0.1597879,-0.17298701
-0.15758272,-0.17078184
-0.17013396,-0.18333308
-0.16090374,-0.17410286
-0.18346281,-0.19666193
-0.19219278,-0.2053919
-0.19880602,-0.21200514
-0.20125341,-0.21445253
-0.20034991,-0.21354903
-0.2030868,-0.21628591
-0.20005701,-0.21325614
-0.21880643,-0.23200555
-0.23010159,-0.2433007
-0.22325149,-0.23645061
-0.24903823,-0.26223734
-0.2521399,-0.26533902
-0.25294822,-0.26614735
-0.25778607,-0.2709852
-0.26448342,-0.27768254
-0.2714277,-0.2846268
-0.27588493,-0.28908405
-0.28581032,-0.29900944
-0.28623328,-0.2994324
-0.2869444,-0.3001435
-0.29944453,-0.31264365
-0.31104672,-0.32424584
-0.32299533,-0.33619446
-0.33767846,-0.35087758
-0.3559937,-0.3691928
-0.36350825,-0.37670738
-0.36687088,-0.38007
-0.3655182,-0.37871733
-0.36883548,-0.3820346
-0.3677558,-0.38095492
-0.37694624,-0.39014536
-0.3976341,-0.4108332
-0.3995486,-0.4127477
-0.4002392,-0.41343832
-0.4179184,-0.43111753
-0.41251487,-0.425714
-0.41026175,-0.42346087
-0.43588653,-0.44908565
-0.43958288,-0.452782
-0.43076625,-0.44396538
-0.44824973,-0.46144885
-0.471549,-0.48474813
-0.4842372,-0.4974363
-0.48930863,-0.50250775
-0.49384782,-0.50704694
-0.49984252,-0.5130416
-0.49547005,-0.50866914
-0.5156155,-0.5288146
-0.515592,-0.52879107
-0.5310397,-0.5442388
-0.5410651,-0.5542642
-0.55933905,-0.57253814
-0.566884,-0.5800831
-0.56588215,-0.57908124
-0.5657317,-0.5789308
-0.57982594,-0.593025
-0.599516,-0.61271507
-0.6126663,-0.6258654
-0.6149504,-0.6281495
-0.6380707,-0.6512698
-0.62919074,-0.64238983
-0.6402794,-0.6534785
-0.65574765,-0.66894674
-0.64697695,-0.66017604
-0.66100883,-0.6742079
-0.6727977,-0.6859968
-0.68689513,-0.7000942
-0.6784066,-0.6916057
-0.67638737,-0.68958646
-0.68679583,-0.6999949
-0.700914,-0.7141131
-0.69796354,-0.7111626
-0.72522455,-0.73842365
-0.76437557,-0.77757466
-0.76358944,-0.77678853
-0.7701932,-0.7833923
-0.76173425,-0.77493334
-0.7705506,-0.7837497
-0.7889458,-0.8021449
-0.79369164,-0.8068907
-0.79061306,-0.80381215
-0.81736296,-0.83056206
-0.81576467,-0.82896376
-0.8188144,-0.8320135
-0.83035177,-0.84355086
-0.83631545,-0.84951454
-0.8365988,-0.8497979
-0.826937,-0.8401361
-0.8555082,-0.8687073
-0.8548211,-0.8680202
-0.8613002,-0.87449926
-0.8696198,-0.8828189
-0.8699764,-0.8831755
-0.85132766,-0.86452675
-0.8746402,-0.8878393
-0.8683531,-0.8815522
-0.89558405,-0.90878314
-0.8797904,-0.8929895
-0.8817226,-0.8949217
-0.89787763,-0.9110767
-0.8986967,-0.9118958
-0.91249126,-0.92569035
-0.9317072,-0.9449063
-0.948004,-0.9612031
-0.9353304,-0.9485295
-0.9457151,-0.9589142
-0.9426233,-0.9558224
-0.96028614,-0.97348523
-0.9414898,-0.9546889
-0.9532378,-0.96643686
-0.9437574,-0.9569565
-0.97192246,-0.98512155
-0.9972268,-1.0104259
-1.001459,-1.0146581
-1.0101777,-1.0233768
-1.016813,-1.0300121
-1.0036403,-1.0168394
-0.99479073,-1.0079899
-1.0208452,-1.0340443
-1.0336514,-1.0468504
-1.0328519,-1.046051
-1.021259,-1.034458
-1.031664,-1.0448631
-1.0101831,-1.0233822
-1.0227346,-1.0359337
-1.0217232,-1.0349222
-1.0132501,-1.0264492
-1.0161041,-1.0293032
-1.0289164,-1.0421154
-1.0208836,-1.0340827
-1.0237098,-1.0369089
-1.0000522,-1.0132513
-0.99651515,-1.0097142
-0.96832925,-0.98152834
-0.95126325,-0.96446234
-0.9369268,-0.9501259
-0.9167459,-0.929945
-0.90921754,-0.9224166
-0.90689945,-0.92009854
-0.89530057,-0.90849966
-0.87694913,-0.8901482
-0.8567296,-0.8699287
-0.83967113,-0.8528702
-0.8232369,-0.836436
-0.8194129,-0.832612
-0.82909673,-0.8422958
-0.7905188,-0.8037179
-0.76753306,-0.78073215
-0.7566864,-0.7698855
-0.74037176,-0.75357085
-0.726626,-0.73982507
-0.7170669,-0.730266
-0.7137045,-0.7269036
-0.6954137,-0.7086128
-0.69445986,-0.70765895
-0.6651379,-0.678337
-0.655179,-0.6683781
-0.65120894,-0.664408
-0.64409316,-0.65729225
-0.6214672,-0.63466626
-0.6099125,-0.6231116
-0.60455525,-0.61775434
-0.5761988,-0.5893979
-0.58400595,-0.59720504
-0.56833893,-0.581538
-0.56130105,-0.57450014
-0.547425,-0.56062406
-0.5250826,-0.5382817
-0.5201421,-0.53334117
-0.4893733,-0.5025724
-0.48196405,-0.49516317
-0.4620704,-0.47526953
-0.4564155,-0.46961462
-0.45121568,-0.4644148
-0.43642205,-0.44962117
-0.43415302,-0.44735214
-0.42267695,-0.43587607
-0.411003,-0.4242021
-0.39504236,-0.40824148
-0.377472,-0.39067113
-0.3683461,-0.38154522
-0.3442272,-0.35742632
-0.332328,-0.3455271
-0.31929433,-0.33249345
-0.30102223,-0.31422135
-0.28850737,-0.3017065
-0.27556807,-0.2887672
-0.26199403,-0.27519315
-0.26877686,-0.28197598
-0.25116718,-0.2643663
-0.2354916,-0.24869072
-0.21495612,-0.22815524
-0.20877294,-0.22197206
-0.20472905,-0.21792817
-0.18892962,-0.20212874
-0.18763764,-0.20083676
-0.18421143,-0.19741055
-0.1742499,-0.18744902
-0.18037422,-0.19357334
-0.15192188,-0.165121
-0.14257625,-0.15577537
-0.14049336,-0.15369248
-0.13087453,-0.14407365
-0.10914434,-0.12234346
-0.09891029,-0.11210941
-0.103260435,-0.116459556
-0.09915004,-0.11234916
-0.09721004,-0.11040916
-0.09041857,-0.10361769
-0.06109262,-0.074291736
-0.039472617,-0.052671738
-0.018828081,-0.0320272
-0.016428562,-0.02962768
-0.009815219,-0.023014339
-0.007722119,-0.020921238
-0.003562679,-0.016761798
-0.0045500463,-0.017749166
0.0044959853,-0.008703135
0.021321412,0.008122292
0.038977668,0.025778547
0.041336212,0.028137092
0.057559475,0.044360355
0.082419455,0.069220334
0.090836406,0.077637285
0.08859891,0.075399786
0.09942477,0.08622565
0.11848944,0.105290316
0.121656984,0.10845786
0.114906505,0.101707384
0.11763549,0.10443637
0.122679785,0.109480664
0.1301284,0.11692928
0.14887008,0.13567096
0.17422105,0.16102193
0.19634283,0.1831437
0.20630759,0.19310847
0.20517105,0.19197193
0.21194822,0.1987491
0.22453135,0.21133223
0.23892312,0.225724
0.2549661,0.24176699
0.2816147,0.26841557
0.28096157,0.26776245
0.29072154,0.27752241
0.28478724,0.27158812
0.3040387,0.29083958
0.32603619,0.31283706
0.34131494,0.32811582
0.34923398,0.33603486
0.3565394,0.34334028
0.35320213,0.340003
0.35297203,0.3397729
0.3620153,0.3488162
0.37284714,0.35964802
0.38318095,0.36998183
0.3901792,0.37698007
0.39037043,0.3771713
0.4039554,0.39075628
0.4222434,0.40904427
0.43989193,0.4266928
0.43716872,0.4239696
0.45941585,0.44621673
0.47121796,0.45801884
0.4745685,0.46136937
0.47900403,0.4658049
0.46855825,0.45535913
0.47834703,0.4651479
0.46637177,0.45317265
0.46448815,0.45128903
0.47320262,0.4600035
0.51152617,0.49832705
0.54530257,0.5321035
0.5559854,0.5427863
0.5583591,0.54516
0.55666953,0.54347044
0.5469907,0.5337916
0.5432214,0.5300223
0.5641985,0.5509994
0.5641699,0.5509708
0.57945746,0.5662584
0.5830393,0.5698402
0.5706069,0.5574078
0.57443696,0.5612379
0.6139499,0.6007508
0.6167779,0.6035788
0.6138862,0.6006871
0.6189387,0.6057396
0.62303644,0.60983735
0.6161006,0.6029015
0.6281906,0.6149915
0.6437844,0.6305853
0.66055036,0.64735126
0.6788751,0.665676
0.70161307,0.688414
0.7084673,0.6952682
0.7154014,0.7022023
0.6941672,0.6809681
0.69786566,0.6846666
0.70394295,0.69074386
0.72397953,0.71078044
0.7687604,0.7555613
0.7709421,0.757743
0.77771115,0.76451206
0.7647678,0.75156873
0.77330625,0.76010716
0.79217094,0.77897185
0.79738456,0.78418547
0.81171477,0.7985157
0.81968606,0.80648696
0.82937706,0.81617796
0.8201948,0.8069957
0.8420416,0.8288425
0.8420499,0.8288508
0.87048924,0.85729015
0.87004757,0.8568485
0.8739178,0.8607187
0.8741308,0.8609317
0.86519,0.85199094
0.9142423,0.90104324
0.9909849,0.9777858
0.97136146,0.95816237
0.89628446,0.88308537
0.86628866,0.8530896
0.85406494,0.84086585
0.84441704,0.83121794
0.8645268,0.8513277
0.88275594,0.86955684
0.8907091,0.87751
0.8842672,0.8710681
0.85869074,0.84549165
0.85248506,0.83928597
0.8327757,0.8195766
0.83871233,0.82551324
0.82189953,0.80870044
0.80576426,0.79256517
0.8093962,0.7961971
0.80573106,0.79253197
0.809753,0.7965539
0.784574,0.7713749
0.75399303,0.74079394
0.7356956,0.7224965
0.74817896,0.73497987
0.7393433,0.7261442
0.7140758,0.7008767
0.68805593,0.67485684
0.67583454,0.66263545
0.6697238,0.6565247
0.6814781,0.668279
0.6643837,0.6511846
0.6525444,0.6393453
0.65035945,0.63716036
0.6551044,0.6419053
0.61222076,0.5990217
0.6070132,0.59381413
0.6053927,0.5921936
0.61180055,0.59860146
0.6133832,0.6001841
0.580146,0.5669469
0.5461567,0.5329576
0.5137334,0.5005343
0.5039588,0.4907597
0.5028221,0.48962298
0.4978843,0.48468518
0.48662308,0.47342396
0.46215895,0.44895983
0.45190477,0.43870565
0.43024155,0.41704243
0.40750134,0.39430222
0.40672928,0.39353016
0.37936518,0.36616606
0.38895,0.37575087
0.37390846,0.36070934
0.34126353,0.3280644
0.34491408,0.33171496
0.3319989,0.3187998
0.29907525,0.28587613
0.28448042,0.2712813
0.28495905,0.27175993
0.28294903,0.2697499
0.2657836,0.2525845
0.2512768,0.23807767
0.24707301,0.23387389
0.22162585,0.20842673
0.20866595,0.19546683
0.22701,0.21381088
0.19813298,0.18493386
0.17247304,0.15927392
0.15930271,0.14610359
0.144753,0.13155387
0.12025496,0.10705584
0.10829798,0.09509886
0.08875897,0.07555985
0.089639105,0.076439984
0.075277984,0.062078863
0.05654942,0.043350298
0.06024323,0.04704411
0.046916306,0.033717185
0.028093364,0.014894244
0.00023759078,-0.012961529
0.0033769673,-0.009822153
0.0031268895,-0.01007223
-0.014160787,-0.027359907
-0.028812967,-0.042012088
-0.039391704,-0.052590825
-0.029564895,-0.042764015
-0.03545722,-0.04865634
-0.048529185,-0.061728306
-0.06584543,-0.07904455
-0.075067945,-0.088267066
-0.102913745,-0.116112866
-0.109252505,-0.122451626
-0.11194876,-0.12514788
-0.11778087,-0.13097998
-0.122372836,-0.13557196
-0.14382942,-0.15702854
-0.13862035,-0.15181947
-0.15831089,-0.17151001
-0.17018238,-0.1833815
-0.16742378,-0.1806229
-0.18356706,-0.19676618
-0.18557808,-0.1987772
-0.20349786,-0.21669698
-0.22533219,-0.2385313
-0.2273973,-0.24059641
-0.23426783,-0.24746695
-0.2413615,-0.25456062
-0.24657008,-0.2597692
-0.25206104,-0.26526016
-0.2661293,-0.27932844
-0.2855078,-0.29870692
-0.2938037,-0.3070028
-0.30074805,-0.31394717
-0.30506727,-0.3182664
-0.3219278,-0.3351269
-0.32652926,-0.3397284
-0.34394607,-0.3571452
-0.3400251,-0.35322422
-0.33796504,-0.35116416
-0.35049248,-0.3636916
-0.37670547,-0.3899046
-0.3776456,-0.39084473
-0.38594207,-0.3991412
-0.39786705,-0.41106617
-0.41129825,-0.42449737
-0.40508854,-0.41828766
-0.41939646,-0.43259558
-0.4363597,-0.44955882
-0.4253446,-0.4385437
-0.44903058,-0.4622297
-0.450067,-0.46326613
-0.45621797,-0.4694171
-0.46730244,-0.48050156
-0.46799558,-0.4811947
-0.46502224,-0.47822136
-0.48433483,-0.49753395
-0.491273,-0.5044721
-0.4924695,-0.5056686
-0.51591593,-0.529115
-0.5090977,-0.5222968
-0.5238888,-0.5370879
-0.5095995,-0.5227986
-0.5410582,-0.5542573
-0.5584468,-0.5716459
-0.53995997,-0.55315906
-0.5533423,-0.5665414
-0.5770599,-0.590259
-0.5812787,-0.5944778
-0.5807749,-0.593974
-0.5913324,-0.60453147
-0.59774446,-0.61094356
-0.5999304,-0.6131295
-0.6271547,-0.6403538
-0.62060976,-0.63380885
-0.63238907,-0.64558816
-0.6425067,-0.6557058
-0.67964005,-0.69283915
-0.6856133,-0.69881237
-0.6797509,-0.69295
-0.70640427,-0.71960336
-0.72968274,-0.74288183
-0.7251301,-0.7383292
-0.71147835,-0.72467744
-0.73781925,-0.75101835
-0.76067495,-0.77387404
-0.78468466,-0.79788375
-0.79270625,-0.80590534
-0.764631,-0.77783006
-0.77542,-0.7886191
-0.7938581,-0.8070572
-0.80690575,-0.82010484
-0.8030739,-0.816273
-0.83065903,-0.8438581
-0.8321412,-0.8453403
-0.82262796,-0.83582705
-0.8453615,-0.85856056
-0.8700094,-0.8832085
-0.85326827,-0.86646736
-0.8644443,-0.8776434
-0.8735082,-0.8867073
-0.8668599,-0.880059
-0.8617128,-0.8749119
-0.8605229,-0.873722
-0.86065733,-0.8738564
-0.8352308,-0.8484299
-0.82429206,-0.83749115
-0.80311215,-0.81631124
-0.792631,-0.80583006
-0.7648789,-0.778078
-0.7464172,-0.7596163
-0.72317404,-0.7363731
-0.69333804,-0.7065371
-0.6725447,-0.6857438
-0.6496223,-0.6628214
-0.63524103,-0.6484401
-0.6165622,-0.6297613
-0.60235715,-0.61555624
-0.56533813,-0.5785372
-0.5464244,-0.5596235
-0.53947103,-0.5526701
-0.5078314,-0.5210305
-0.49132797,-0.5045271
-0.48097143,-0.49417055
-0.45987234,-0.47307146
-0.41861612,-0.43181524
-0.367737,-0.38093612
-0.3553459,-0.36854503
-0.35677412,-0.36997324
-0.36220765,-0.37540677
-0.3488746,-0.36207372
-0.3054331,-0.31863222
-0.26689506,-0.28009418
-0.24795048,-0.2611496
-0.2608271,-0.27402622
-0.1789836,-0.19218272
-0.21171732,-0.22491644
-0.1906279,-0.20382702
-0.12327573,-0.13647485
-0.120464005,-0.13366312
-0.13378233,-0.14698145
-0.06304238,-0.0762415
-0.047221918,-0.06042104
-0.031103853,-0.044302974
-0.013146591,-0.026345711
0.013237591,0.000038471073
0.019105928,0.005906808
0.019913925,0.006714805
0.051796462,0.03859734
0.086797036,0.073597915
0.10414742,0.0909483
0.11897559,0.10577647
0.109029114,0.09582999
0.11873271,0.10553359
0.122920394,0.10972127
0.14107262,0.1278735
0.14821994,0.13502082
0.14439017,0.13119105
0.16635351,0.15315439
0.22442806,0.21122894
0.21108651,0.19788739
0.23596093,0.22276181
0.27639705,0.26319793
0.28184092,0.2686418
0.27913916,0.26594004
0.30768573,0.2944866
0.31019098,0.29699185
0.3033436,0.29014447
0.31379297,0.30059385
0.33878118,0.32558206
0.37353233,0.3603332
0.42019436,0.40699524
0.45477375,0.44157463
0.4677573,0.4545582
0.48230198,0.46910286
0.46801212,0.454813
0.4679673,0.45476818
0.4813972,0.4681981
0.48075238,0.46755326
0.49325722,0.4800581
0.51191026,0.49871114
0.53378916,0.52059007
0.54044694,0.52724785
0.5379292,0.5247301
0.5166915,0.5034924
0.5036855,0.49048635
0.4875385,0.47433937
0.49170202,0.4785029
0.4900356,0.47683647
0.48198998,0.46879086
0.48778167,0.47458255
0.45391947,0.44072035
0.42738178,0.41418266
0.3988779,0.38567877
0.36939156,0.35619244
0.35775143,0.3445523
0.344359,0.3311599
0.31221822,0.2990191
0.29104033,0.2778412
0.2693833,0.2561842
0.2531685,0.23996937
0.20471162,0.1915125
0.16767728,0.15447816
0.16539215,0.15219302
0.12325305,0.11005393
0.0877526,0.07455348
0.08904546,0.07584634
0.05394542,0.040746298
-0.0023696595,-0.01556878
-0.051731247,-0.064930364
-0.07673266,-0.08993178
-0.10426867,-0.11746779
-0.12604958,-0.1392487
-0.14142995,-0.15462907
-0.16811787,-0.18131699
-0.1988268,-0.21202593
-0.20421925,-0.21741837
-0.23149629,-0.24469541
-0.23786889,-0.251068
-0.29456225,-0.30776137
-0.31276858,-0.3259677
-0.32151753,-0.33471665
-0.32376412,-0.33696324
-0.32791328,-0.3411124
-0.33123437,-0.3444335
-0.32212386,-0.33532298
-0.33192047,-0.3451196
-0.332829,-0.34602812
-0.34008142,-0.35328054
-0.30745584,-0.32065496
-0.29241452,-0.30561364
-0.26123318,-0.2744323
-0.24650788,-0.259707
-0.22741261,-0.24061173
-0.18901023,-0.20220935
-0.14233038,-0.1555295
-0.112046905,-0.12524602
-0.08377651,-0.09697563
-0.036406,-0.04960512
0.009168503,-0.004030617
0.03384291,0.02064379
0.073469885,0.060270764
0.1301888,0.11698967
0.13951531,0.12631619
0.16270566,0.14950654
0.17580378,0.16260466
0.1723399,0.15914078
0.18351674,0.17031762
0.19270495,0.17950583
0.20689686,0.19369774
0.20302677,0.18982765
0.19293676,0.17973764
0.17831464,0.16511552
0.1554694,0.14227028
0.11630377,0.10310465
0.10184641,0.08864729
0.08680973,0.07361061
0.06718019,0.053981066
0.058622457,0.045423336
0.038334783,0.025135662
0.01294204,-0.0002570795
-0.02218878,-0.0353879
-0.050836634,-0.06403575
-0.057170648,-0.070369765
-0.06826226,-0.08146138
-0.09413395,-0.10733307
-0.11411423,-0.12731335
-0.13043378,-0.1436329
-0.1464697,-0.15966882
-0.13614474,-0.14934386
-0.13593403,-0.14913315
-0.15830828,-0.1715074
-0.17085713,-0.18405625
-0.16693617,-0.1801353
-0.15829161,-0.17149073
-0.15452255,-0.16772167
-0.15182874,-0.16502786
-0.14284557,-0.15604469
-0.11923609,-0.1324352
-0.10391189,-0.11711101
-0.09098749,-0.10418661
-0.07178278,-0.0849819
-0.036177933,-0.049377054
-0.020645944,-0.033845063
0.002284716,-0.010914404
0.05278712,0.039588
0.090397045,0.077197924
0.12508948,0.11189036
0.16724071,0.15404159
0.18294664,0.16974752
0.20773314,0.19453402
0.22998258,0.21678346
0.23525831,0.22205919
0.2363065,0.22310738
0.24481808,0.23161896
0.2504652,0.2372661
0.24790998,0.23471086
0.25011873,0.23691961
0.24688473,0.23368561
0.24002393,0.2268248
0.24114807,0.22794895
0.23831315,0.22511403
0.24041688,0.22721776
0.22550716,0.21230803
0.20476188,0.19156276
0.18260601,0.16940689
0.16009592,0.1468968
0.13350509,0.12030597
0.11425384,0.10105472
0.084432594,0.07123347
0.06639804,0.05319892
0.04033037,0.027131248
0.008482342,-0.004716778
-0.0014321161,-0.014631236
-0.045264114,-0.058463234
-0.054988112,-0.06818723
-0.05774086,-0.07093998
-0.04707118,-0.060270302
-0.07542751,-0.08862663
-0.083748035,-0.096947156
-0.10154699,-0.11474611
-0.1292168,-0.14241593
-0.1445962,-0.15779532
-0.17305465,-0.18625377
-0.18278305,-0.19598217
-0.16389927,-0.1770984
-0.18515387,-0.19835299
-0.22297198,-0.2361711
-0.23162043,-0.24481955
-0.2336558,-0.24685492
-0.26635525,-0.27955437
-0.2783944,-0.29159352
-0.29340443,-0.30660355
-0.3089974,-0.3221965
-0.32193688,-0.335136
-0.35228524,-0.36548436
-0.36916807,-0.3823672
-0.36928892,-0.38248804
-0.38560948,-0.3988086
-0.40563738,-0.4188365
-0.41440606,-0.42760518
-0.44131386,-0.45451298
-0.43946937,-0.4526685
-0.49444222,-0.5076413
-0.4973069,-0.51050603
-0.48367983,-0.49687895
-0.49249375,-0.50569284
-0.5319402,-0.5451393
-0.5303334,-0.5435325
-0.5475981,-0.5607972
-0.55220413,-0.5654032
-0.57188773,-0.5850868
-0.60886484,-0.62206393
-0.60379505,-0.61699414
-0.6172602,-0.6304593
-0.6179471,-0.6311462
-0.650496,-0.6636951
-0.6527893,-0.6659884
-0.6751952,-0.6883943
-0.68815047,-0.70134956
-0.6981607,-0.7113598
-0.7338201,-0.7470192
-0.7316381,-0.74483716
-0.73742306,-0.75062215
-0.7530724,-0.7662715
-0.7594213,-0.7726204
-0.7782642,-0.7914633
-0.80149835,-0.81469744
-0.8111498,-0.82434887
-0.84006405,-0.85326314
-0.86301285,-0.87621194
-0.87308544,-0.88628453
-0.8780484,-0.8912475
-0.88097703,-0.8941761
-0.91610086,-0.92929995
-0.9247579,-0.937957
-0.9014228,-0.9146219
-0.9444003,-0.9575994
-0.9282099,-0.941409
-0.9244155,-0.9376146
-0.9687514,-0.98195046
-0.9717797,-0.9849788
-0.97081536,-0.98401445
-1.0081962,-1.0213953
-1.0227721,-1.0359712
-1.0443908,-1.0575899
-1.0744846,-1.0876837
-1.0761791,-1.0893782
-1.0932106,-1.1064097
-1.0934006,-1.1065997
-1.0752378,-1.0884368
-1.0725279,-1.085727
-1.100834,-1.1140331
-1.1051596,-1.1183587
-1.1497589,-1.162958
-1.1962923,-1.2094914
-1.1998138,-1.2130129
-1.173919,-1.187118
-1.1671203,-1.1803194
-1.1625565,-1.1757556
-1.1684139,-1.181613
-1.1707428,-1.1839418
-1.1637836,-1.1769826
-1.1527056,-1.1659046
-1.1339968,-1.1471959
-1.1685338,-1.1817329
-1.1519024,-1.1651015
-1.1335474,-1.1467465
-1.1285039,-1.141703
-1.1024859,-1.115685
-1.0599521,-1.0731512
-1.0322585,-1.0454576
-1.008946,-1.022145
-0.9862704,-0.9994695
-0.94526523,-0.9584643
-0.92673093,-0.93993
-0.8985993,-0.9117984
-0.89387137,-0.90707046
-0.86536145,-0.87856054
-0.8261009,-0.8393
-0.8182931,-0.8314922
-0.79222226,-0.80542135
-0.7205887,-0.7337878
-0.7052483,-0.7184474
-0.6667037,-0.6799028
-0.6367531,-0.6499522
-0.60264015,-0.61583924
-0.5618641,-0.57506317
-0.5294084,-0.5426075
-0.51986104,-0.53306013
-0.5101854,-0.5233845
-0.4779485,-0.4911476
-0.42544657,-0.4386457
-0.41110966,-0.42430878
-0.38694686,-0.40014598
-0.37997195,-0.39317107
-0.37607858,-0.3892777
-0.3495792,-0.3627783
-0.31490734,-0.32810646
-0.28969362,-0.30289274
-0.26699644,-0.28019556
-0.26753333,-0.28073245
-0.24413162,-0.25733075
-0.21545859,-0.22865771
-0.20885628,-0.2220554
-0.18167758,-0.1948767
-0.1555332,-0.16873232
-0.14780192,-0.16100104
-0.12245491,-0.13565403
-0.09305979,-0.106258914
-0.07565246,-0.08885158
-0.050017692,-0.06321681
-0.008789859,-0.021988979
0.009316497,-0.0038826233
0.014569451,0.0013703313
0.040941946,0.027742825
0.06584568,0.052646562
0.08738817,0.07418905
0.11763424,0.104435116
0.13775477,0.12455565
0.1295189,0.116319776
0.1511707,0.13797158
0.15900223,0.14580311
0.19125164,0.17805251
0.20393579,0.19073667
0.24152894,0.22832982
0.23165974,0.21846062
0.28017938,0.26698026
0.30457154,0.29137242
0.3228252,0.30962607
0.32991937,0.31672025
0.31051478,0.29731566
0.32080153,0.3076024
0.32706493,0.3138658
0.40740862,0.3942095
0.42204896,0.40884984
0.45265758,0.43945846
0.49613816,0.48293903
0.47826913,0.46507
0.4795102,0.46631107
0.5104775,0.49727836
0.52045596,0.50725687
0.52671146,0.5135124
0.5417667,0.5285676
0.5307042,0.5175051
0.56359696,0.5503979
0.5955408,0.58234173
0.6175248,0.6043257
0.6412056,0.6280065
0.6527723,0.6395732
0.6708919,0.6576928
0.6737711,0.660572
0.70386213,0.69066304
0.6868161,0.673617
0.7145816,0.7013825
0.7150727,0.7018736
0.7033063,0.6901072
0.74692345,0.73372436
0.77869827,0.7654992
0.79816484,0.78496575
0.8097619,0.7965628
0.8120581,0.798859
0.8062611,0.79306203
0.8124559,0.7992568
0.84009767,0.8268986
0.8717789,0.8585798
0.91291916,0.8997201
0.9088156,0.89561653
0.9052884,0.8920893
0.9097022,0.8965031
0.9394526,0.9262535
0.9218098,0.9086107
0.93911904,0.92591995
0.9349274,0.9217283
0.955605,0.9424059
0.9955015,0.9823024
0.9938089,0.98060983
0.9731181,0.95991904
0.95529026,0.94209117
0.96294147,0.9497424
0.9692681,0.956069
0.9555357,0.9423366
0.9673869,0.9541878
0.94936067,0.9361616
0.941702,0.9285029
0.9452453,0.93204623
0.94706786,0.93386877
0.91456187,0.9013628
0.9221648,0.9089657
0.92528063,0.91208154
0.9026768,0.8894777
0.89786065,0.88466156
0.8634189,0.8502198
0.84892875,0.83572966
0.8050029,0.79180384
0.7762345,0.7630354
0.7802427,0.7670436
0.78539866,0.7721996
0.79361683,0.78041774
0.74409634,0.73089725
0.6944505,0.6812514
0.6851488,0.6719497
0.68824935,0.67505026
0.67134905,0.65814996
0.6395132,0.6263141
0.6363573,0.6231582
0.6246507,0.6114516
0.562096,0.5488969
0.5395456,0.5263465
0.5053377,0.4921386
0.48401856,0.47081944
0.47987184,0.46667272
0.47954518,0.46634606
0.461556,0.44835687
0.4490402,0.43584108
0.422049,0.40884987
0.40824226,0.39504313
0.36802375,0.35482463
0.3478878,0.3346887
0.34859636,0.33539724
0.35482338,0.34162426
0.32195967,0.30876055
0.3439805,0.33078137
0.32452443,0.3113253
0.29534122,0.2821421
0.2885997,0.27540058
0.28165802,0.2684589
0.27799124,0.2647921
0.27097398,0.25777486
0.25034347,0.23714435
0.23094328,0.21774416
0.19181012,0.178611
0.19810773,0.18490861
0.21157749,0.19837837
0.21361475,0.20041563
0.21384549,0.20064637
0.20896457,0.19576545
0.18547653,0.1722774
0.173681,0.16048189
0.16818209,0.15498297
0.16780977,0.15461065
0.13645476,0.12325564
0.14180447,0.12860535
0.15669385,0.14349473
0.15828808,0.14508896
0.16249195,0.14929283
0.17517087,0.16197175
0.17888628,0.16568716
0.16056466,0.14736554
0.14976229,0.13656317
0.1369818,0.12378268
0.16039474,0.14719562
0.14940915,0.13621002
0.15107346,0.13787434
0.15019916,0.13700004
0.12875958,0.11556046
0.113006614,0.09980749
0.08346408,0.07026496
0.08249775,0.06929863
0.10699687,0.09379775
0.1286672,0.115468085
0.1384664,0.12526728
0.15527876,0.14207964
0.10446676,0.09126764
0.049971655,0.036772534
0.0323766,0.019177478
0.042023648,0.028824527
0.053483367,0.040284246
0.057548933,0.044349812
0.085557394,0.07235827
0.10074742,0.0875483
0.12106152,0.1078624
0.14325188,0.13005276
0.43752304,0.42432392
0.06686741,0.05366829
0.076810494,0.06361137
0.058538884,0.045339763
0.03610547,0.022906348
0.013688628,0.0004895078
0.0308867,0.017687581
0.045272294,0.032073174
0.05166814,0.03846902
0.07631387,0.06311475
0.05981912,0.04662
0.07115757,0.057958446
0.060002662,0.04680354
0.046984732,0.03378561
0.017808748,0.0046096286
-0.046081495,-0.059280615
-0.064054266,-0.07725339
0.03941393,0.026214808
0.026944324,0.013745205
0.01620276,0.003003641
0.019797789,0.006598669
0.013748563,0.00054944307
0.015913125,0.0027140053
0.015221474,0.002022354
0.017644767,0.004445647
0.017592816,0.004393696
0.016826654,0.003627534
0.007164856,-0.006034264
0.009733913,-0.0034652073
0.008147407,-0.0050517125
0.029756008,0.016556889
0.0061625154,-0.0070366045
0.017131545,0.003932425
0.06996389,0.056764767
0.014642463,0.0014433432
0.011816972,-0.0013821479
0.010976634,-0.0022224858
0.014998398,0.001799278
0.0071798824,-0.0060192375
0.009498836,-0.0037002843
0.014110909,0.000911789
0.013762167,0.0005630469
0.014600393,0.0014012735
0.011967028,-0.0012320923
0.011620301,-0.001578819
0.009378614,-0.003820506
0.017379439,0.0041803187
0.012915271,-0.0002838485
0.013136715,-0.00006240513
0.013630885,0.00043176487
0.014587398,0.0013882779
0.013122294,-0.00007682573
0.009933305,-0.0032658149
0.010900949,-0.0022981707
0.014288687,0.0010895673
0.010971886,-0.0022272337
0.01476289,0.0015637698
0.012593082,-0.0006060377
0.013165576,-0.000033543445
0.011442774,-0.0017563459
0.013878753,0.0006796336
0.0066372273,-0.0065618926
0.01563009,0.0024309708
0.014858375,0.0016592555
0.013386248,0.00018712785
0.015898027,0.0026989067
0.009512651,-0.003686469
0.011472147,-0.0017269729
0.010452201,-0.0027469192
0.010440365,-0.0027587544
0.014149509,0.00095038954
0.010442005,-0.0027571153
0.012239091,-0.00096002873
0.016544836,0.0033457158
0.015034143,0.001835023
0.021915402,0.008716282
0.011229717,-0.0019694027
0.013413881,0.00021476112
0.012504456,-0.0006946642
0.011178402,-0.0020207176
0.013626443,0.0004273234
0.011933388,-0.0012657316
0.011912867,-0.0012862524
0.009969365,-0.003229755
0.01570565,0.0025065308
0.010229361,-0.0029697586
0.014066757,0.0008676369
0.016904414,0.0037052939
0.01595066,0.0027515395
0.0050312895,-0.00816783
0.0057897554,-0.0074093645
0.015274506,0.0020753862
0.0057303957,-0.007468724
0.008837927,-0.0043611927
0.017018998,0.0038198782
0.011685647,-0.0015134728
0.013048083,-0.00015103724
0.016549334,0.003350214
0.013400465,0.00020134542
0.008555841,-0.004643279
0.01567489,0.0024757693
0.012877377,-0.00032174308
0.014533062,0.0013339426
0.01649791,0.0032987902
0.014462761,0.0012636408
0.013385941,0.00018682145
0.01240559,-0.0007935297
0.014607383,0.0014082631
0.011168893,-0.0020302264
0.01465947,0.0014603501
0.0026072178,-0.010591902
0.013037821,-0.00016129855
0.005465829,-0.007733291
0.013982347,0.0007832274
0.0126572475,-0.00054187234
0.012300143,-0.0008989768
0.012620137,-0.00057898276
0.014629978,0.0014308579
0.01485874,0.0016596206
0.012526541,-0.0006725788
0.01141126,-0.00178786
0.009282765,-0.003916355
0.009489908,-0.003709212
0.010471172,-0.0027279481
0.0122950375,-0.0009040823
0.0081199985,-0.0050791213
0.01073803,-0.0024610898
0.014328258,0.0011291383
0.015699008,0.0024998887
0.011251585,-0.0019475352
0.015113875,0.0019147554
0.0099653555,-0.0032337643
0.018948987,0.0057498673
0.0124123925,-0.0007867273
0.0172276,0.0040284796
0.014569711,0.0013705911
0.0085912775,-0.0046078423
0.01137624,-0.0018228795
0.011171016,-0.002028104
0.009263235,-0.0039358847
0.016218925,0.003019805
0.016193217,0.0029940968
0.011723351,-0.0014757691
0.01535456,0.00215544
0.012136648,-0.0010624714
0.009745727,-0.0034533925
0.014547223,0.0013481034
0.007868325,-0.0053307945
0.013033184,-0.0001659356
0.010897935,-0.0023011845
0.007902191,-0.005296929
0.015747014,0.0025478946
0.015506044,0.0023069242
0.01519718,0.0019980604
0.0104957735,-0.0027033463
0.0109816585,-0.0022174614
0.012559186,-0.0006399341
0.011200101,-0.0019990187
0.013590391,0.00039127097
0.015867142,0.0026680222
0.010808754,-0.002390366
0.015073611,0.0018744916
0.012863942,-0.0003351774
0.015364959,0.002165839
0.01554562,0.0023464998
0.015230247,0.002031127
0.0074343304,-0.0057647894
0.014296763,0.0010976428
0.013369153,0.00017003343
0.01780005,0.00460093
0.015814332,0.0026152125
0.011232707,-0.001966413
0.013786766,0.0005876459
0.011657669,-0.0015414506
0.009754296,-0.0034448234
0.012365385,-0.00083373487
0.009751349,-0.003447771
0.007822885,-0.0053762347
0.0061771204,-0.0070219995
0.0112095205,-0.0019895993
0.013984053,0.00078493357
0.0130427005,-0.00015641935
0.015630534,0.002431414
0.01566797,0.0024688495
0.0127148535,-0.00048426632
0.01245705,-0.00074206945
0.012296888,-0.0009022318
0.010286466,-0.0029126536
0.0069208895,-0.0062782303
0.0118655395,-0.0013335804
0.012153747,-0.0010453733
0.012967657,-0.00023146253
0.011131978,-0.0020671422
0.017156925,0.003957805
0.017728265,0.0045291455
0.013344013,0.0001448933
0.013320555,0.00012143515
0.014729256,0.001530136
0.011214127,-0.001984993
0.012335926,-0.00086319353
0.00954308,-0.00365604
0.010737287,-0.002461833
0.014079804,0.0008806838
0.008886332,-0.004312788
0.0069209663,-0.0062781535
0.012192232,-0.0010068882
0.012120091,-0.0010790285
0.01282704,-0.00037208013
0.014505795,0.0013066754
0.0120702265,-0.0011288933
0.007351244,-0.005847876
0.010722283,-0.0024768366
0.014030397,0.0008312771
0.015344261,0.0021451414
0.0150227845,0.0018236646
0.009822098,-0.0033770222
0.010457354,-0.0027417662
0.017418379,0.004219259
0.013772044,0.0005729245
0.011292123,-0.0019069966
0.018378345,0.0051792255
0.013662744,0.00046362448
0.007375421,-0.005823699
0.016232021,0.0030329013
0.017131012,0.003931892
0.018268617,0.005069497
0.010506525,-0.0026925951
0.010254415,-0.002944705
0.009510117,-0.0036890032
0.012336059,-0.0008630613
0.0095477495,-0.0036513703
0.019040847,0.0058417274
0.01704415,0.0038450295
0.015021178,0.0018220581
0.010970025,-0.0022290945
0.010340205,-0.0028589144
0.0104564885,-0.0027426314
0.01520579,0.0020066705
0.014903452,0.0017043324
0.009106932,-0.0040921876
0.012594631,-0.0006044889
0.018509597,0.0053104768
0.005701718,-0.007497402
0.007873793,-0.0053253267
0.016865972,0.0036668526
0.012169074,-0.0010300456
0.011928646,-0.0012704739
0.012941064,-0.00025805552
0.01290089,-0.00029822998
0.0078032985,-0.0053958213
0.011481151,-0.0017179688
0.005954051,-0.007245069
0.011521471,-0.0016776491
0.014307682,0.0011085626
0.014195244,0.000996124
0.015588244,0.0023891246
0.01248952,-0.0007095998
0.011267203,-0.0019319169
0.014484765,0.0012856452
0.014738863,0.0015397435
0.01100425,-0.0021948703
0.010686734,-0.002512386
0.014468972,0.0012698518
0.01477028,0.0015711598
0.01249574,-0.0007033795
0.00938114,-0.0038179802
0.0079138,-0.00528532
0.012460372,-0.0007387474
0.012202117,-0.0009970032
0.0074088625,-0.0057902574
0.008163612,-0.0050355075
0.013507136,0.00030801632
0.012682878,-0.0005162414
0.017944107,0.004744987
0.012351273,-0.0008478472
0.01476432,0.0015652003
0.011077935,-0.002121185
0.016935797,0.0037366776
0.008580171,-0.0046189493
0.014235184,0.0010360638
0.014694281,0.0014951611
0.0137936305,0.0005945107
0.009028331,-0.0041707885
0.012755003,-0.000444117
0.016851492,0.0036523724
0.013828074,0.0006289538
0.010463443,-0.0027356772
0.013103891,-0.000095228665
0.016492687,0.0032935673
0.010409105,-0.0027900152
0.008069298,-0.0051298216
0.010681476,-0.0025176434
0.00962299,-0.0035761297
0.01567843,0.0024793101
0.009291501,-0.003907619
0.01593187,0.002732751
0.0071737464,-0.0060253735
0.01424805,0.00104893
0.010490604,-0.002708516
0.0073928833,-0.0058062365
0.013814978,0.0006158585
0.016453473,0.003254353
0.012840787,-0.00035833288
0.01521097,0.0020118505
0.012148506,-0.0010506138
0.009810404,-0.003388716
0.011307595,-0.0018915245
0.01469953,0.00150041
0.013528125,0.00032900553
0.012160089,-0.001039031
0.010972461,-0.002226659
0.010789782,-0.002409338
0.013807861,0.0006087413
0.011750079,-0.0014490411
0.013871277,0.0006721569
0.010864222,-0.0023348974
0.011549143,-0.0016499767
0.006302695,-0.006896425
0.012340454,-0.00085866544
0.01563376,0.0024346402
0.01093964,-0.0022594798
0.012453565,-0.00074555445
0.020796767,0.0075976467
0.011721917,-0.0014772024
0.0150544075,0.0018552877
0.013215247,0.000016126782
0.017906442,0.0047073225
0.015857568,0.0026584482
0.014750792,0.0015516719
0.013498253,0.00029913336
0.011032652,-0.0021664677
0.013807942,0.00060882233
0.009580463,-0.0036186567
0.006433933,-0.006765187
0.016152773,0.0029536532
0.010297003,-0.0029021166
0.01237552,-0.0008236002
0.010478389,-0.0027207304
0.014096923,0.00089780334
0.014600115,0.0014009951
0.01409845,0.0008993298
0.013195689,-0.0000034309924
0.010315017,-0.002884103
0.016934132,0.0037350124
0.013463229,0.0002641091
0.010460795,-0.002738325
0.018926684,0.005727564
0.015932143,0.002733023
0.01369807,0.0004989505
0.014359024,0.0011599045
0.012868318,-0.00033080205
0.017330047,0.004130927
0.009544596,-0.0036545238
0.009818862,-0.0033802576
0.011914513,-0.0012846068
0.0097358795,-0.0034632403
0.010942821,-0.0022562984
0.010450983,-0.0027481364
0.009298806,-0.0039003137
0.009031092,-0.004168028
0.019545369,0.006346249
0.010734927,-0.002464193
0.009304797,-0.0038943226
0.003810483,-0.009388637
0.0066821696,-0.00651695
0.010738239,-0.0024608811
0.010619185,-0.002579935
0.013108549,-0.00009057112
0.012675193,-0.0005239267
0.012797148,-0.00040197186
0.012986756,-0.0002123639
0.010527889,-0.0026712306
0.013083612,-0.000115508214
0.009751167,-0.0034479527
0.014995373,0.001796253
0.009278454,-0.003920666
0.014516464,0.0013173446
0.016286997,0.0030878773
0.008605982,-0.0045931377
0.012130752,-0.0010683676
0.010008451,-0.0031906692
0.01728008,0.0040809596
0.014717523,0.0015184032
0.011676855,-0.0015222644
0.014813454,0.0016143341
0.009754457,-0.0034446632
0.011218744,-0.0019803755
0.010116416,-0.0030827038
0.014302169,0.0011030491
0.011212491,-0.0019866284
0.017630313,0.0044311928
0.008810013,-0.004389107
0.00927994,-0.0039191796
0.014551676,0.001352556
0.018832793,0.0056336736
0.014930684,0.0017315643
0.014868433,0.0016693128
0.01235001,-0.0008491101
0.0076420675,-0.0055570523
0.012798333,-0.00040078722
0.015142185,0.0019430649
0.008566752,-0.0046323678
0.007445413,-0.0057537067
0.009587789,-0.0036113309
0.008358528,-0.004840592
0.0137755405,0.0005764207
0.0069030323,-0.0062960875
0.016277604,0.003078484
0.016245143,0.0030460237
0.0111428825,-0.0020562373
0.015199152,0.002000032
0.016939133,0.0037400136
0.017060524,0.003861404
0.01069297,-0.00250615
0.016857967,0.003658847
0.015121046,0.0019219266
0.009315025,-0.0038840948
0.0121599715,-0.0010391483
0.013315539,0.00011641905
0.011229262,-0.001969858
0.012511121,-0.0006879987
0.016700508,0.0035013882
0.0124138,-0.00078532007
0.0064360974,-0.0067630224
0.013539601,0.0003404813
0.010545485,-0.002653635
0.012754174,-0.00044494588
0.015852483,0.0026533632
0.011399356,-0.0017997641
0.014575168,0.0013760477
0.015405343,0.002206223
0.00809934,-0.00509978
0.013087518,-0.00011160225
0.010360128,-0.0028389916
0.017145576,0.003946456
0.009318292,-0.0038808277
0.007841738,-0.005357382
0.012905759,-0.00029336102
0.0059347013,-0.0072644185
0.005208285,-0.007990835
0.012182901,-0.0010162191
0.013484574,0.0002854541
0.010818047,-0.0023810724
0.011833869,-0.0013652509
0.005472411,-0.007726709
0.014250182,0.0010510618
0.012896514,-0.00030260626
0.00902269,-0.0041764295
0.014473404,0.001274284
0.011259364,-0.0019397559
0.014946439,0.0017473195
0.012171396,-0.0010277238
0.00995297,-0.00324615
0.011924168,-0.0012749517
0.012576827,-0.000622293
0.01214614,-0.0010529794
0.009800218,-0.0033989018
0.009207112,-0.003992008
0.009038096,-0.0041610235
0.0109213665,-0.0022777533
0.013314527,0.00011540763
0.013422612,0.00022349227
0.009977726,-0.0032213936
0.012517975,-0.0006811451
0.014359518,0.0011603981
0.01725804,0.004058921
0.01609227,0.0028931508
0.019036705,0.005837585
0.01390728,0.00070816
0.010768006,-0.0024311142
0.0067061684,-0.0064929514
0.0076094563,-0.0055896635
0.010812827,-0.0023862924
0.012577072,-0.00062204804
0.016371712,0.0031725923
0.01133063,-0.0018684901
0.013039343,-0.00015977677
0.01219783,-0.00100129
0.0119614815,-0.0012376383
0.00863324,-0.0045658797
0.012851045,-0.0003480753
0.013089584,-0.00010953564
0.017545043,0.0043459227
0.011623353,-0.0015757671
0.012411032,-0.00078808796
0.008759115,-0.004440005
0.008426623,-0.0047724964
0.014120969,0.00092184916
0.0132643515,0.000065231696
0.010472473,-0.002726647
0.013140101,-0.000059018843
0.013618518,0.00041939784
0.011984809,-0.0012143105
0.015353904,0.0021547843
0.011182707,-0.002016413
0.012846751,-0.0003523687
0.016120765,0.0029216455
0.016382491,0.0031833714
0.015252766,0.0020536464
0.01336854,0.00016942061
0.010949777,-0.0022493424
0.013253792,0.00005467236
0.014010547,0.0008114269
0.0140435435,0.00084442366
0.010488045,-0.0027110744
0.00812464,-0.0050744796
0.017880652,0.0046815323
0.017663246,0.004464126
0.015418863,0.002219743
0.0132137155,0.000014595687
0.008102588,-0.0050965315
0.013059853,-0.00013926718
0.009772891,-0.0034262286
0.010528523,-0.0026705973
0.010057506,-0.0031416137
0.014087332,0.0008882126
0.0073703923,-0.0058287275
0.016560806,0.0033616861
0.009128978,-0.0040701423
0.0078749955,-0.0053241244
0.008840704,-0.0043584155
0.012434846,-0.00076427404
0.01290746,-0.0002916595
0.009466866,-0.0037322538
0.0042606117,-0.008938508
0.009323991,-0.003875129
0.0086553395,-0.0045437803
0.012158646,-0.0010404736
0.013555202,0.00035608187
0.0115213515,-0.0016777683
0.015889892,0.0026907725
0.008560878,-0.0046382416
0.011971692,-0.0012274282
0.0100195585,-0.0031795613
0.0102948565,-0.0029042633
0.016265268,0.0030661477
0.010131089,-0.0030680308
0.010454997,-0.0027441224
0.012824881,-0.00037423894
0.0056805797,-0.00751854
0.014494855,0.0012957351
0.016371429,0.0031723091
0.01453999,0.0013408698
0.012019589,-0.0011795312
0.007141897,-0.006057223
0.0037896913,-0.009409429
0.013616978,0.00041785836
0.010946237,-0.0022528833
0.014574072,0.0013749525
0.00928769,-0.00391143
0.013602946,0.00040382612
0.009214417,-0.0039847028
0.013961812,0.0007626917
0.015286981,0.0020878613
0.010682047,-0.0025170725
0.013551885,0.00035276543
0.00924552,-0.0039535994
0.007931755,-0.005267365
0.017209416,0.0040102964
0.012129591,-0.001069529
0.012892523,-0.00030659698
0.01671627,0.00351715
0.014798203,0.0015990827
0.0057273605,-0.0074717593
0.010175561,-0.0030235592
0.013158706,-0.00004041381
0.011390158,-0.0018089619
0.010239881,-0.0029592384
0.008863797,-0.0043353224
0.012489881,-0.00070923846
0.005017918,-0.008181201
0.013644015,0.0004448956
0.01428385,0.00108473
0.013396827,0.00019770674
0.008317579,-0.0048815412
0.014106645,0.0009075254
0.011591741,-0.001607379
0.013335262,0.0001361426
0.012398379,-0.0008007409
0.013769969,0.0005708495
0.00905901,-0.0041401098
0.01029267,-0.00290645
0.0076219155,-0.0055772043
0.015055776,0.0018566558
0.010031104,-0.0031680157
0.01069661,-0.0025025094
0.010174592,-0.0030245278
0.012868173,-0.0003309464
0.012397872,-0.00080124754
0.009507904,-0.003691216
0.013608608,0.00040948857
0.01613987,0.0029407507
0.0101928795,-0.0030062404
0.009305954,-0.0038931658
0.01628493,0.0030858098
0.011414923,-0.001784197
0.013297052,0.000097932294
0.013312622,0.000113502145
0.013569506,0.00037038606
0.015190346,0.0019912263
0.01390217,0.0007030498
0.012357759,-0.00084136054
0.011244328,-0.001954792
0.0073969117,-0.005802208
0.009713125,-0.0034859944
0.011123129,-0.0020759907
0.013138645,-0.0000604745
0.009781702,-0.0034174174
0.013345946,0.0001468258
0.014831003,0.001631883
0.008581505,-0.0046176147
0.015212568,0.0020134486
0.008802033,-0.004397087
0.007398175,-0.0058009448
0.0145649435,0.0013658237
0.012397601,-0.00080151856
0.017045567,0.003846447
0.009260676,-0.003938444
0.014016117,0.00081699714
0.0155515205,0.0023524007
0.011765482,-0.0014336379
0.01023478,-0.0029643402
0.01639466,0.00319554
0.008346668,-0.0048524514
0.009309707,-0.0038894126
0.009289948,-0.0039091716
0.017074479,0.003875359
0.015946688,0.0027475683
0.010430589,-0.0027685305
0.010671299,-0.0025278209
0.01500908,0.0018099602
0.014503165,0.0013040453
0.0045205886,-0.008678531
0.011608825,-0.0015902948
0.013801757,0.0006026374
0.009530503,-0.0036686165
0.014560162,0.0013610423
0.012687879,-0.00051124115
0.009564775,-0.0036343448
0.00815747,-0.0050416496
0.01707719,0.003878071
0.009060388,-0.0041387314
0.01670552,0.0035064006
0.013096068,-0.000103051774
0.010059122,-0.0031399978
0.017642105,0.004442985
0.010425879,-0.0027732411
0.008301104,-0.0048980154
0.018951291,0.0057521714
0.011890445,-0.0013086749
0.01000923,-0.0031898897
0.004998367,-0.0082007535
0.013678264,0.00047914404
0.010992224,-0.0022068955
0.013377881,0.00017876085
0.012021678,-0.0011774423
0.013743249,0.00054412894
0.011703067,-0.0014960524
0.01357078,0.0003716601
0.01539713,0.0021980098
0.01051818,-0.0026809396
0.011488025,-0.0017110948
0.016346296,0.0031471765
0.0012030178,-0.011996102
0.016532097,0.0033329772
0.008089851,-0.005109269
0.014820454,0.0016213339
0.013100494,-0.00009862613
0.0043233884,-0.008875731
0.011223696,-0.0019754237
0.01581795,0.0026188297
0.00905157,-0.00414755
0.012970298,-0.00022882223
0.012395048,-0.00080407225
0.007840006,-0.005359114
0.013795416,0.00059629604
0.0118753305,-0.0013237894
0.011692054,-0.0015070662
0.012432581,-0.000766539
0.01754177,0.00434265
0.012140835,-0.0010582851
0.013411012,0.00021189172
0.00879031,-0.0044088103
0.01167469,-0.0015244298
0.01234764,-0.0008514803
0.015438264,0.0022391444
0.011011266,-0.0021878537
0.013297276,0.00009815581
0.009224911,-0.0039742086
0.013991776,0.0007926561
0.010961757,-0.0022373628
0.014358229,0.0011591092
0.011143958,-0.0020551616
0.010466141,-0.0027329791
0.014084305,0.00088518485
0.01241702,-0.00078209955
0.009958332,-0.0032407874
0.013587835,0.00038871542
0.011221982,-0.0019771382
0.011648566,-0.0015505534
0.009082794,-0.0041163256
0.0116846645,-0.0015144553
0.012055361,-0.0011437591
0.007839416,-0.0053597037
0.016653288,0.0034541683
0.011990872,-0.0012082476
0.013543557,0.00034443755
0.012339612,-0.0008595083
0.012829062,-0.00037005823
0.013848859,0.00064973906
0.017354116,0.004154996
0.013473176,0.00027405657
0.012900602,-0.00029851776
0.01704371,0.00384459
0.01170353,-0.0014955895
0.0049919677,-0.008207152
0.0105284685,-0.0026706513
0.013783121,0.0005840007
0.006176076,-0.007023044
0.012155373,-0.0010437472
0.013784323,0.00058520306
0.017083293,0.003884173
0.011177913,-0.0020212065
0.013678399,0.0004792791
0.014069087,0.00086996704
0.013755244,0.0005561244
0.012160371,-0.0010387488
0.01806451,0.0048653902
0.012044183,-0.0011549369
0.0125780655,-0.0006210543
0.0102977315,-0.0029013883
0.009221275,-0.0039778445
0.012350638,-0.00084848143
0.009078222,-0.0041208975
0.01521097,0.0020118505
0.012669207,-0.00052991323
0.014531819,0.0013326993
0.008296191,-0.004902929
0.010543202,-0.0026559178
0.01413774,0.0009386204
0.011800378,-0.0013987422
0.017219864,0.004020744
0.013078031,-0.0001210887
0.014536212,0.0013370924
0.017168397,0.0039692773
0.013105912,-0.000093207695
0.0031151248,-0.010083995
0.009292777,-0.003906343
0.011414349,-0.0017847707
0.014766495,0.0015673749
0.014558519,0.0013593994
0.010044157,-0.0031549633
0.013343846,0.0001447266
0.0061595957,-0.007039524
0.01402169,0.0008225702
0.020637512,0.0074383924
0.014052254,0.0008531343
0.0059148623,-0.0072842576
0.014195847,0.0009967275
0.013330066,0.00013094582
0.009294783,-0.003904337
0.008114445,-0.005084675
0.0109129045,-0.0022862153
0.008785692,-0.004413428
0.015768012,0.0025688922
0.009080226,-0.004118894
0.010831249,-0.0023678709
0.013763727,0.00056460686
0.012344148,-0.0008549718
0.011694189,-0.0015049307
0.011506566,-0.001692554
0.013608608,0.00040948857
0.012617947,-0.0005811732
0.009477812,-0.003721308
0.0123522375,-0.00084688235
0.011009856,-0.0021892637
0.014117799,0.00091867894
0.011264502,-0.0019346178
0.012170071,-0.001029049
0.0119413715,-0.0012577483
0.013278722,0.000079602
0.01300771,-0.00019141007
0.0068946835,-0.0063044364
0.009550683,-0.0036484366
0.014466711,0.0012675915
0.008147964,-0.0050511556
0.015248384,0.0020492645
0.014236418,0.0010372978
0.014900828,0.001701708
0.009024238,-0.0041748816
0.013096068,-0.000103051774
0.012527631,-0.00067148916
0.016053813,0.0028546927
0.0155194895,0.0023203697
0.015262853,0.0020637335
0.013848662,0.00064954255
0.015261205,0.002062085
0.0117345005,-0.0014646193
0.012624299,-0.0005748207
0.015125215,0.0019260952
0.009353049,-0.0038460707
0.01474988,0.0015507601
0.013528276,0.0003291564
0.010338159,-0.0028609606
0.011421582,-0.0017775381
0.01008602,-0.0031130994
0.014795705,0.0015965849
0.010100677,-0.0030984432
0.010522795,-0.002676325
0.009818057,-0.0033810632
0.015358411,0.002159291
0.011588776,-0.0016103443
0.007962892,-0.005236228
0.011986319,-0.0012128009
0.010446824,-0.0027522957
0.014302029,0.0011029094
0.013104283,-0.00009483658
0.013467302,0.0002681818
0.0067267846,-0.006472335
0.012899595,-0.00029952452
0.013253924,0.00005480461
0.012138889,-0.0010602307
0.011300556,-0.0018985635
0.015021844,0.001822724
0.012185807,-0.0010133125
0.008114911,-0.005084209
0.004560241,-0.008638879
0.009004938,-0.0041941814
0.005956902,-0.0072422177
0.016971525,0.003772405
0.015416662,0.0022175424
